accuracy,hidden_size,leaky_relu,learning_rate,num_layers,p_dropout,search_type,weight_decay
0.4393,4000.0,0.0,1e-05,3.0,0.5,grid,1e-05
0.4393,4000.0,0.0,1e-05,3.0,0.5,grid,0.001
0.4389,4000.0,0.0,1e-05,3.0,0.5,grid,0.01
0.5011,4000.0,0.0,1e-05,3.0,0.0,grid,1e-05
0.5011,4000.0,0.0,1e-05,3.0,0.0,grid,0.001
0.501,4000.0,0.0,1e-05,3.0,0.0,grid,0.01
0.4753,4000.0,0.0,1e-05,2.0,0.5,grid,1e-05
0.4753,4000.0,0.0,1e-05,2.0,0.5,grid,0.001
0.4763,4000.0,0.0,1e-05,2.0,0.5,grid,0.01
0.4823,4000.0,0.0,1e-05,2.0,0.0,grid,1e-05
0.4823,4000.0,0.0,1e-05,2.0,0.0,grid,0.001
0.4819,4000.0,0.0,1e-05,2.0,0.0,grid,0.01
0.3535,4000.0,0.0,1e-05,1.0,0.5,grid,1e-05
0.3535,4000.0,0.0,1e-05,1.0,0.5,grid,0.001
0.3535,4000.0,0.0,1e-05,1.0,0.5,grid,0.01
0.3724,4000.0,0.0,1e-05,1.0,0.0,grid,1e-05
0.3724,4000.0,0.0,1e-05,1.0,0.0,grid,0.001
0.3724,4000.0,0.0,1e-05,1.0,0.0,grid,0.01
0.1469,4000.0,0.0,0.0001,3.0,0.5,grid,1e-05
0.1558,4000.0,0.0,0.0001,3.0,0.5,grid,0.001
0.1,4000.0,0.0,0.0001,3.0,0.5,grid,0.01
0.3781,4000.0,0.0,0.0001,3.0,0.0,grid,1e-05
0.4826,4000.0,0.0,0.0001,3.0,0.0,grid,0.001
0.4402,4000.0,0.0,0.0001,3.0,0.0,grid,0.01
0.2586,4000.0,0.0,0.0001,2.0,0.5,grid,1e-05
0.1928,4000.0,0.0,0.0001,2.0,0.5,grid,0.001
0.2329,4000.0,0.0,0.0001,2.0,0.5,grid,0.01
0.4344,4000.0,0.0,0.0001,2.0,0.0,grid,1e-05
0.4353,4000.0,0.0,0.0001,2.0,0.0,grid,0.001
0.481,4000.0,0.0,0.0001,2.0,0.0,grid,0.01
0.3821,4000.0,0.0,0.0001,1.0,0.5,grid,1e-05
0.3816,4000.0,0.0,0.0001,1.0,0.5,grid,0.001
0.3811,4000.0,0.0,0.0001,1.0,0.5,grid,0.01
0.4058,4000.0,0.0,0.0001,1.0,0.0,grid,1e-05
0.4071,4000.0,0.0,0.0001,1.0,0.0,grid,0.001
0.4058,4000.0,0.0,0.0001,1.0,0.0,grid,0.01
0.1,4000.0,0.0,0.001,3.0,0.5,grid,1e-05
0.1,4000.0,0.0,0.001,3.0,0.5,grid,0.001
0.1,4000.0,0.0,0.001,3.0,0.5,grid,0.01
0.1,4000.0,0.0,0.001,3.0,0.0,grid,1e-05
0.1,4000.0,0.0,0.001,3.0,0.0,grid,0.001
0.1,4000.0,0.0,0.001,3.0,0.0,grid,0.01
0.1,4000.0,0.0,0.001,2.0,0.5,grid,1e-05
0.1,4000.0,0.0,0.001,2.0,0.5,grid,0.001
0.1,4000.0,0.0,0.001,2.0,0.5,grid,0.01
0.1,4000.0,0.0,0.001,2.0,0.0,grid,1e-05
0.1,4000.0,0.0,0.001,2.0,0.0,grid,0.001
0.1,4000.0,0.0,0.001,2.0,0.0,grid,0.01
0.2519,4000.0,0.0,0.001,1.0,0.5,grid,1e-05
0.2821,4000.0,0.0,0.001,1.0,0.5,grid,0.001
0.2718,4000.0,0.0,0.001,1.0,0.5,grid,0.01
0.3631,4000.0,0.0,0.001,1.0,0.0,grid,1e-05
0.3743,4000.0,0.0,0.001,1.0,0.0,grid,0.001
0.3658,4000.0,0.0,0.001,1.0,0.0,grid,0.01
0.1,4000.0,0.0,0.01,3.0,0.5,grid,1e-05
0.1,4000.0,0.0,0.01,3.0,0.5,grid,0.001
0.1,4000.0,0.0,0.01,3.0,0.5,grid,0.01
0.1,4000.0,0.0,0.01,3.0,0.0,grid,1e-05
0.1,4000.0,0.0,0.01,3.0,0.0,grid,0.001
0.1,4000.0,0.0,0.01,3.0,0.0,grid,0.01
0.1,4000.0,0.0,0.01,2.0,0.5,grid,1e-05
0.1,4000.0,0.0,0.01,2.0,0.5,grid,0.001
0.1,4000.0,0.0,0.01,2.0,0.5,grid,0.01
0.1,4000.0,0.0,0.01,2.0,0.0,grid,1e-05
0.1,4000.0,0.0,0.01,2.0,0.0,grid,0.001
0.1,4000.0,0.0,0.01,2.0,0.0,grid,0.01
0.0975,4000.0,0.0,0.01,1.0,0.5,grid,1e-05
0.12,4000.0,0.0,0.01,1.0,0.5,grid,0.001
0.1142,4000.0,0.0,0.01,1.0,0.5,grid,0.01
0.128,4000.0,0.0,0.01,1.0,0.0,grid,1e-05
0.1558,4000.0,0.0,0.01,1.0,0.0,grid,0.001
0.1591,4000.0,0.0,0.01,1.0,0.0,grid,0.01
0.4883,4000.0,1.0,1e-05,3.0,0.5,grid,1e-05
0.4883,4000.0,1.0,1e-05,3.0,0.5,grid,0.001
0.4896,4000.0,1.0,1e-05,3.0,0.5,grid,0.01
0.5003,4000.0,1.0,1e-05,3.0,0.0,grid,1e-05
0.5003,4000.0,1.0,1e-05,3.0,0.0,grid,0.001
0.5001,4000.0,1.0,1e-05,3.0,0.0,grid,0.01
0.4754,4000.0,1.0,1e-05,2.0,0.5,grid,1e-05
0.4754,4000.0,1.0,1e-05,2.0,0.5,grid,0.001
0.4734,4000.0,1.0,1e-05,2.0,0.5,grid,0.01
0.4818,4000.0,1.0,1e-05,2.0,0.0,grid,1e-05
0.4818,4000.0,1.0,1e-05,2.0,0.0,grid,0.001
0.4822,4000.0,1.0,1e-05,2.0,0.0,grid,0.01
0.3542,4000.0,1.0,1e-05,1.0,0.5,grid,1e-05
0.3542,4000.0,1.0,1e-05,1.0,0.5,grid,0.001
0.3541,4000.0,1.0,1e-05,1.0,0.5,grid,0.01
0.3723,4000.0,1.0,1e-05,1.0,0.0,grid,1e-05
0.3723,4000.0,1.0,1e-05,1.0,0.0,grid,0.001
0.3723,4000.0,1.0,1e-05,1.0,0.0,grid,0.01
0.409,4000.0,1.0,0.0001,3.0,0.5,grid,1e-05
0.3988,4000.0,1.0,0.0001,3.0,0.5,grid,0.001
0.3545,4000.0,1.0,0.0001,3.0,0.5,grid,0.01
0.532,4000.0,1.0,0.0001,3.0,0.0,grid,1e-05
0.5318,4000.0,1.0,0.0001,3.0,0.0,grid,0.001
0.5329,4000.0,1.0,0.0001,3.0,0.0,grid,0.01
0.4048,4000.0,1.0,0.0001,2.0,0.5,grid,1e-05
0.4035,4000.0,1.0,0.0001,2.0,0.5,grid,0.001
0.3842,4000.0,1.0,0.0001,2.0,0.5,grid,0.01
0.5164,4000.0,1.0,0.0001,2.0,0.0,grid,1e-05
0.5172,4000.0,1.0,0.0001,2.0,0.0,grid,0.001
0.5173,4000.0,1.0,0.0001,2.0,0.0,grid,0.01
0.3817,4000.0,1.0,0.0001,1.0,0.5,grid,1e-05
0.3816,4000.0,1.0,0.0001,1.0,0.5,grid,0.001
0.3803,4000.0,1.0,0.0001,1.0,0.5,grid,0.01
0.4079,4000.0,1.0,0.0001,1.0,0.0,grid,1e-05
0.4079,4000.0,1.0,0.0001,1.0,0.0,grid,0.001
0.4063,4000.0,1.0,0.0001,1.0,0.0,grid,0.01
0.1909,4000.0,1.0,0.001,3.0,0.5,grid,1e-05
0.1462,4000.0,1.0,0.001,3.0,0.5,grid,0.001
0.1672,4000.0,1.0,0.001,3.0,0.5,grid,0.01
0.5026,4000.0,1.0,0.001,3.0,0.0,grid,1e-05
0.5037,4000.0,1.0,0.001,3.0,0.0,grid,0.001
0.5041,4000.0,1.0,0.001,3.0,0.0,grid,0.01
0.2136,4000.0,1.0,0.001,2.0,0.5,grid,1e-05
0.2168,4000.0,1.0,0.001,2.0,0.5,grid,0.001
0.2013,4000.0,1.0,0.001,2.0,0.5,grid,0.01
0.4926,4000.0,1.0,0.001,2.0,0.0,grid,1e-05
0.4974,4000.0,1.0,0.001,2.0,0.0,grid,0.001
0.499,4000.0,1.0,0.001,2.0,0.0,grid,0.01
0.3143,4000.0,1.0,0.001,1.0,0.5,grid,1e-05
0.3064,4000.0,1.0,0.001,1.0,0.5,grid,0.001
0.3189,4000.0,1.0,0.001,1.0,0.5,grid,0.01
0.3754,4000.0,1.0,0.001,1.0,0.0,grid,1e-05
0.3745,4000.0,1.0,0.001,1.0,0.0,grid,0.001
0.3737,4000.0,1.0,0.001,1.0,0.0,grid,0.01
0.1851,4000.0,1.0,0.01,3.0,0.5,grid,1e-05
0.1398,4000.0,1.0,0.01,3.0,0.5,grid,0.001
0.1023,4000.0,1.0,0.01,3.0,0.5,grid,0.01
0.458,4000.0,1.0,0.01,3.0,0.0,grid,1e-05
0.4432,4000.0,1.0,0.01,3.0,0.0,grid,0.001
0.4401,4000.0,1.0,0.01,3.0,0.0,grid,0.01
0.1872,4000.0,1.0,0.01,2.0,0.5,grid,1e-05
0.2117,4000.0,1.0,0.01,2.0,0.5,grid,0.001
0.1562,4000.0,1.0,0.01,2.0,0.5,grid,0.01
0.4671,4000.0,1.0,0.01,2.0,0.0,grid,1e-05
0.4709,4000.0,1.0,0.01,2.0,0.0,grid,0.001
0.4326,4000.0,1.0,0.01,2.0,0.0,grid,0.01
0.1905,4000.0,1.0,0.01,1.0,0.5,grid,1e-05
0.1477,4000.0,1.0,0.01,1.0,0.5,grid,0.001
0.1466,4000.0,1.0,0.01,1.0,0.5,grid,0.01
0.2634,4000.0,1.0,0.01,1.0,0.0,grid,1e-05
0.2493,4000.0,1.0,0.01,1.0,0.0,grid,0.001
0.232,4000.0,1.0,0.01,1.0,0.0,grid,0.01
0.4783,2000.0,0.0,1e-05,3.0,0.5,grid,1e-05
0.4783,2000.0,0.0,1e-05,3.0,0.5,grid,0.001
0.4781,2000.0,0.0,1e-05,3.0,0.5,grid,0.01
0.4879,2000.0,0.0,1e-05,3.0,0.0,grid,1e-05
0.4879,2000.0,0.0,1e-05,3.0,0.0,grid,0.001
0.4872,2000.0,0.0,1e-05,3.0,0.0,grid,0.01
0.4254,2000.0,0.0,1e-05,2.0,0.5,grid,1e-05
0.4254,2000.0,0.0,1e-05,2.0,0.5,grid,0.001
0.4555,2000.0,0.0,1e-05,2.0,0.5,grid,0.01
0.4723,2000.0,0.0,1e-05,2.0,0.0,grid,1e-05
0.4723,2000.0,0.0,1e-05,2.0,0.0,grid,0.001
0.4726,2000.0,0.0,1e-05,2.0,0.0,grid,0.01
0.3535,2000.0,0.0,1e-05,1.0,0.5,grid,1e-05
0.3535,2000.0,0.0,1e-05,1.0,0.5,grid,0.001
0.3535,2000.0,0.0,1e-05,1.0,0.5,grid,0.01
0.3724,2000.0,0.0,1e-05,1.0,0.0,grid,1e-05
0.3724,2000.0,0.0,1e-05,1.0,0.0,grid,0.001
0.3724,2000.0,0.0,1e-05,1.0,0.0,grid,0.01
0.4925,2000.0,0.0,0.0001,3.0,0.5,grid,1e-05
0.4923,2000.0,0.0,0.0001,3.0,0.5,grid,0.001
0.4902,2000.0,0.0,0.0001,3.0,0.5,grid,0.01
0.5133,2000.0,0.0,0.0001,3.0,0.0,grid,1e-05
0.5385,2000.0,0.0,0.0001,3.0,0.0,grid,0.001
0.5127,2000.0,0.0,0.0001,3.0,0.0,grid,0.01
0.3561,2000.0,0.0,0.0001,2.0,0.5,grid,1e-05
0.3476,2000.0,0.0,0.0001,2.0,0.5,grid,0.001
0.367,2000.0,0.0,0.0001,2.0,0.5,grid,0.01
0.5254,2000.0,0.0,0.0001,2.0,0.0,grid,1e-05
0.4761,2000.0,0.0,0.0001,2.0,0.0,grid,0.001
0.4767,2000.0,0.0,0.0001,2.0,0.0,grid,0.01
0.3821,2000.0,0.0,0.0001,1.0,0.5,grid,1e-05
0.3816,2000.0,0.0,0.0001,1.0,0.5,grid,0.001
0.3811,2000.0,0.0,0.0001,1.0,0.5,grid,0.01
0.4058,2000.0,0.0,0.0001,1.0,0.0,grid,1e-05
0.4071,2000.0,0.0,0.0001,1.0,0.0,grid,0.001
0.4058,2000.0,0.0,0.0001,1.0,0.0,grid,0.01
0.1,2000.0,0.0,0.001,3.0,0.5,grid,1e-05
0.1,2000.0,0.0,0.001,3.0,0.5,grid,0.001
0.1,2000.0,0.0,0.001,3.0,0.5,grid,0.01
0.1,2000.0,0.0,0.001,3.0,0.0,grid,1e-05
0.1,2000.0,0.0,0.001,3.0,0.0,grid,0.001
0.1,2000.0,0.0,0.001,3.0,0.0,grid,0.01
0.1,2000.0,0.0,0.001,2.0,0.5,grid,1e-05
0.1,2000.0,0.0,0.001,2.0,0.5,grid,0.001
0.1,2000.0,0.0,0.001,2.0,0.5,grid,0.01
0.1,2000.0,0.0,0.001,2.0,0.0,grid,1e-05
0.1,2000.0,0.0,0.001,2.0,0.0,grid,0.001
0.1,2000.0,0.0,0.001,2.0,0.0,grid,0.01
0.2519,2000.0,0.0,0.001,1.0,0.5,grid,1e-05
0.2821,2000.0,0.0,0.001,1.0,0.5,grid,0.001
0.2718,2000.0,0.0,0.001,1.0,0.5,grid,0.01
0.3631,2000.0,0.0,0.001,1.0,0.0,grid,1e-05
0.3743,2000.0,0.0,0.001,1.0,0.0,grid,0.001
0.3658,2000.0,0.0,0.001,1.0,0.0,grid,0.01
0.1,2000.0,0.0,0.01,3.0,0.5,grid,1e-05
0.1,2000.0,0.0,0.01,3.0,0.5,grid,0.001
0.1,2000.0,0.0,0.01,3.0,0.5,grid,0.01
0.1,2000.0,0.0,0.01,3.0,0.0,grid,1e-05
0.1,2000.0,0.0,0.01,3.0,0.0,grid,0.001
0.1,2000.0,0.0,0.01,3.0,0.0,grid,0.01
0.1,2000.0,0.0,0.01,2.0,0.5,grid,1e-05
0.1,2000.0,0.0,0.01,2.0,0.5,grid,0.001
0.1,2000.0,0.0,0.01,2.0,0.5,grid,0.01
0.1,2000.0,0.0,0.01,2.0,0.0,grid,1e-05
0.1,2000.0,0.0,0.01,2.0,0.0,grid,0.001
0.1,2000.0,0.0,0.01,2.0,0.0,grid,0.01
0.0975,2000.0,0.0,0.01,1.0,0.5,grid,1e-05
0.12,2000.0,0.0,0.01,1.0,0.5,grid,0.001
0.1142,2000.0,0.0,0.01,1.0,0.5,grid,0.01
0.128,2000.0,0.0,0.01,1.0,0.0,grid,1e-05
0.1558,2000.0,0.0,0.01,1.0,0.0,grid,0.001
0.1591,2000.0,0.0,0.01,1.0,0.0,grid,0.01
0.4765,2000.0,1.0,1e-05,3.0,0.5,grid,1e-05
0.4765,2000.0,1.0,1e-05,3.0,0.5,grid,0.001
0.4773,2000.0,1.0,1e-05,3.0,0.5,grid,0.01
0.4865,2000.0,1.0,1e-05,3.0,0.0,grid,1e-05
0.4865,2000.0,1.0,1e-05,3.0,0.0,grid,0.001
0.4862,2000.0,1.0,1e-05,3.0,0.0,grid,0.01
0.4591,2000.0,1.0,1e-05,2.0,0.5,grid,1e-05
0.4591,2000.0,1.0,1e-05,2.0,0.5,grid,0.001
0.4579,2000.0,1.0,1e-05,2.0,0.5,grid,0.01
0.472,2000.0,1.0,1e-05,2.0,0.0,grid,1e-05
0.472,2000.0,1.0,1e-05,2.0,0.0,grid,0.001
0.4722,2000.0,1.0,1e-05,2.0,0.0,grid,0.01
0.3542,2000.0,1.0,1e-05,1.0,0.5,grid,1e-05
0.3542,2000.0,1.0,1e-05,1.0,0.5,grid,0.001
0.3541,2000.0,1.0,1e-05,1.0,0.5,grid,0.01
0.3723,2000.0,1.0,1e-05,1.0,0.0,grid,1e-05
0.3723,2000.0,1.0,1e-05,1.0,0.0,grid,0.001
0.3723,2000.0,1.0,1e-05,1.0,0.0,grid,0.01
0.486,2000.0,1.0,0.0001,3.0,0.5,grid,1e-05
0.4905,2000.0,1.0,0.0001,3.0,0.5,grid,0.001
0.4899,2000.0,1.0,0.0001,3.0,0.5,grid,0.01
0.5372,2000.0,1.0,0.0001,3.0,0.0,grid,1e-05
0.54,2000.0,1.0,0.0001,3.0,0.0,grid,0.001
0.5374,2000.0,1.0,0.0001,3.0,0.0,grid,0.01
0.4308,2000.0,1.0,0.0001,2.0,0.5,grid,1e-05
0.4415,2000.0,1.0,0.0001,2.0,0.5,grid,0.001
0.4389,2000.0,1.0,0.0001,2.0,0.5,grid,0.01
0.522,2000.0,1.0,0.0001,2.0,0.0,grid,1e-05
0.5248,2000.0,1.0,0.0001,2.0,0.0,grid,0.001
0.5217,2000.0,1.0,0.0001,2.0,0.0,grid,0.01
0.3817,2000.0,1.0,0.0001,1.0,0.5,grid,1e-05
0.3816,2000.0,1.0,0.0001,1.0,0.5,grid,0.001
0.3803,2000.0,1.0,0.0001,1.0,0.5,grid,0.01
0.4079,2000.0,1.0,0.0001,1.0,0.0,grid,1e-05
0.4079,2000.0,1.0,0.0001,1.0,0.0,grid,0.001
0.4063,2000.0,1.0,0.0001,1.0,0.0,grid,0.01
0.1365,2000.0,1.0,0.001,3.0,0.5,grid,1e-05
0.1682,2000.0,1.0,0.001,3.0,0.5,grid,0.001
0.1637,2000.0,1.0,0.001,3.0,0.5,grid,0.01
0.516,2000.0,1.0,0.001,3.0,0.0,grid,1e-05
0.5092,2000.0,1.0,0.001,3.0,0.0,grid,0.001
0.492,2000.0,1.0,0.001,3.0,0.0,grid,0.01
0.2536,2000.0,1.0,0.001,2.0,0.5,grid,1e-05
0.2259,2000.0,1.0,0.001,2.0,0.5,grid,0.001
0.2523,2000.0,1.0,0.001,2.0,0.5,grid,0.01
0.4927,2000.0,1.0,0.001,2.0,0.0,grid,1e-05
0.4903,2000.0,1.0,0.001,2.0,0.0,grid,0.001
0.488,2000.0,1.0,0.001,2.0,0.0,grid,0.01
0.3143,2000.0,1.0,0.001,1.0,0.5,grid,1e-05
0.3064,2000.0,1.0,0.001,1.0,0.5,grid,0.001
0.3189,2000.0,1.0,0.001,1.0,0.5,grid,0.01
0.3754,2000.0,1.0,0.001,1.0,0.0,grid,1e-05
0.3745,2000.0,1.0,0.001,1.0,0.0,grid,0.001
0.3737,2000.0,1.0,0.001,1.0,0.0,grid,0.01
0.1479,2000.0,1.0,0.01,3.0,0.5,grid,1e-05
0.1874,2000.0,1.0,0.01,3.0,0.5,grid,0.001
0.1054,2000.0,1.0,0.01,3.0,0.5,grid,0.01
0.4639,2000.0,1.0,0.01,3.0,0.0,grid,1e-05
0.389,2000.0,1.0,0.01,3.0,0.0,grid,0.001
0.4604,2000.0,1.0,0.01,3.0,0.0,grid,0.01
0.1454,2000.0,1.0,0.01,2.0,0.5,grid,1e-05
0.1661,2000.0,1.0,0.01,2.0,0.5,grid,0.001
0.1947,2000.0,1.0,0.01,2.0,0.5,grid,0.01
0.4751,2000.0,1.0,0.01,2.0,0.0,grid,1e-05
0.4857,2000.0,1.0,0.01,2.0,0.0,grid,0.001
0.4717,2000.0,1.0,0.01,2.0,0.0,grid,0.01
0.1905,2000.0,1.0,0.01,1.0,0.5,grid,1e-05
0.1477,2000.0,1.0,0.01,1.0,0.5,grid,0.001
0.1466,2000.0,1.0,0.01,1.0,0.5,grid,0.01
0.2634,2000.0,1.0,0.01,1.0,0.0,grid,1e-05
0.2493,2000.0,1.0,0.01,1.0,0.0,grid,0.001
0.232,2000.0,1.0,0.01,1.0,0.0,grid,0.01
0.4603,1000.0,0.0,1e-05,3.0,0.5,grid,1e-05
0.4603,1000.0,0.0,1e-05,3.0,0.5,grid,0.001
0.463,1000.0,0.0,1e-05,3.0,0.5,grid,0.01
0.4697,1000.0,0.0,1e-05,3.0,0.0,grid,1e-05
0.4697,1000.0,0.0,1e-05,3.0,0.0,grid,0.001
0.4707,1000.0,0.0,1e-05,3.0,0.0,grid,0.01
0.4607,1000.0,0.0,1e-05,2.0,0.5,grid,1e-05
0.4607,1000.0,0.0,1e-05,2.0,0.5,grid,0.001
0.4598,1000.0,0.0,1e-05,2.0,0.5,grid,0.01
0.465,1000.0,0.0,1e-05,2.0,0.0,grid,1e-05
0.465,1000.0,0.0,1e-05,2.0,0.0,grid,0.001
0.466,1000.0,0.0,1e-05,2.0,0.0,grid,0.01
0.3535,1000.0,0.0,1e-05,1.0,0.5,grid,1e-05
0.3535,1000.0,0.0,1e-05,1.0,0.5,grid,0.001
0.3535,1000.0,0.0,1e-05,1.0,0.5,grid,0.01
0.3724,1000.0,0.0,1e-05,1.0,0.0,grid,1e-05
0.3724,1000.0,0.0,1e-05,1.0,0.0,grid,0.001
0.3724,1000.0,0.0,1e-05,1.0,0.0,grid,0.01
0.4716,1000.0,0.0,0.0001,3.0,0.5,grid,1e-05
0.4651,1000.0,0.0,0.0001,3.0,0.5,grid,0.001
0.4324,1000.0,0.0,0.0001,3.0,0.5,grid,0.01
0.5258,1000.0,0.0,0.0001,3.0,0.0,grid,1e-05
0.5272,1000.0,0.0,0.0001,3.0,0.0,grid,0.001
0.523,1000.0,0.0,0.0001,3.0,0.0,grid,0.01
0.4564,1000.0,0.0,0.0001,2.0,0.5,grid,1e-05
0.4592,1000.0,0.0,0.0001,2.0,0.5,grid,0.001
0.4583,1000.0,0.0,0.0001,2.0,0.5,grid,0.01
0.5111,1000.0,0.0,0.0001,2.0,0.0,grid,1e-05
0.5099,1000.0,0.0,0.0001,2.0,0.0,grid,0.001
0.5115,1000.0,0.0,0.0001,2.0,0.0,grid,0.01
0.3821,1000.0,0.0,0.0001,1.0,0.5,grid,1e-05
0.3816,1000.0,0.0,0.0001,1.0,0.5,grid,0.001
0.3811,1000.0,0.0,0.0001,1.0,0.5,grid,0.01
0.4058,1000.0,0.0,0.0001,1.0,0.0,grid,1e-05
0.4071,1000.0,0.0,0.0001,1.0,0.0,grid,0.001
0.4058,1000.0,0.0,0.0001,1.0,0.0,grid,0.01
0.1,1000.0,0.0,0.001,3.0,0.5,grid,1e-05
0.1,1000.0,0.0,0.001,3.0,0.5,grid,0.001
0.1,1000.0,0.0,0.001,3.0,0.5,grid,0.01
0.1,1000.0,0.0,0.001,3.0,0.0,grid,1e-05
0.1,1000.0,0.0,0.001,3.0,0.0,grid,0.001
0.1,1000.0,0.0,0.001,3.0,0.0,grid,0.01
0.1,1000.0,0.0,0.001,2.0,0.5,grid,1e-05
0.1,1000.0,0.0,0.001,2.0,0.5,grid,0.001
0.1,1000.0,0.0,0.001,2.0,0.5,grid,0.01
0.1622,1000.0,0.0,0.001,2.0,0.0,grid,1e-05
0.2003,1000.0,0.0,0.001,2.0,0.0,grid,0.001
0.1817,1000.0,0.0,0.001,2.0,0.0,grid,0.01
0.2519,1000.0,0.0,0.001,1.0,0.5,grid,1e-05
0.2821,1000.0,0.0,0.001,1.0,0.5,grid,0.001
0.2718,1000.0,0.0,0.001,1.0,0.5,grid,0.01
0.3631,1000.0,0.0,0.001,1.0,0.0,grid,1e-05
0.3743,1000.0,0.0,0.001,1.0,0.0,grid,0.001
0.3658,1000.0,0.0,0.001,1.0,0.0,grid,0.01
0.1,1000.0,0.0,0.01,3.0,0.5,grid,1e-05
0.1,1000.0,0.0,0.01,3.0,0.5,grid,0.001
0.1,1000.0,0.0,0.01,3.0,0.5,grid,0.01
0.1,1000.0,0.0,0.01,3.0,0.0,grid,1e-05
0.1,1000.0,0.0,0.01,3.0,0.0,grid,0.001
0.1,1000.0,0.0,0.01,3.0,0.0,grid,0.01
0.1,1000.0,0.0,0.01,2.0,0.5,grid,1e-05
0.1,1000.0,0.0,0.01,2.0,0.5,grid,0.001
0.1,1000.0,0.0,0.01,2.0,0.5,grid,0.01
0.1,1000.0,0.0,0.01,2.0,0.0,grid,1e-05
0.1,1000.0,0.0,0.01,2.0,0.0,grid,0.001
0.1,1000.0,0.0,0.01,2.0,0.0,grid,0.01
0.0975,1000.0,0.0,0.01,1.0,0.5,grid,1e-05
0.12,1000.0,0.0,0.01,1.0,0.5,grid,0.001
0.1142,1000.0,0.0,0.01,1.0,0.5,grid,0.01
0.128,1000.0,0.0,0.01,1.0,0.0,grid,1e-05
0.1558,1000.0,0.0,0.01,1.0,0.0,grid,0.001
0.1591,1000.0,0.0,0.01,1.0,0.0,grid,0.01
0.4625,1000.0,1.0,1e-05,3.0,0.5,grid,1e-05
0.4625,1000.0,1.0,1e-05,3.0,0.5,grid,0.001
0.461,1000.0,1.0,1e-05,3.0,0.5,grid,0.01
0.4709,1000.0,1.0,1e-05,3.0,0.0,grid,1e-05
0.4709,1000.0,1.0,1e-05,3.0,0.0,grid,0.001
0.4705,1000.0,1.0,1e-05,3.0,0.0,grid,0.01
0.4595,1000.0,1.0,1e-05,2.0,0.5,grid,1e-05
0.4595,1000.0,1.0,1e-05,2.0,0.5,grid,0.001
0.4594,1000.0,1.0,1e-05,2.0,0.5,grid,0.01
0.4649,1000.0,1.0,1e-05,2.0,0.0,grid,1e-05
0.4649,1000.0,1.0,1e-05,2.0,0.0,grid,0.001
0.4653,1000.0,1.0,1e-05,2.0,0.0,grid,0.01
0.3542,1000.0,1.0,1e-05,1.0,0.5,grid,1e-05
0.3542,1000.0,1.0,1e-05,1.0,0.5,grid,0.001
0.3541,1000.0,1.0,1e-05,1.0,0.5,grid,0.01
0.3723,1000.0,1.0,1e-05,1.0,0.0,grid,1e-05
0.3723,1000.0,1.0,1e-05,1.0,0.0,grid,0.001
0.3723,1000.0,1.0,1e-05,1.0,0.0,grid,0.01
0.4898,1000.0,1.0,0.0001,3.0,0.5,grid,1e-05
0.4932,1000.0,1.0,0.0001,3.0,0.5,grid,0.001
0.4853,1000.0,1.0,0.0001,3.0,0.5,grid,0.01
0.5279,1000.0,1.0,0.0001,3.0,0.0,grid,1e-05
0.5268,1000.0,1.0,0.0001,3.0,0.0,grid,0.001
0.5261,1000.0,1.0,0.0001,3.0,0.0,grid,0.01
0.4635,1000.0,1.0,0.0001,2.0,0.5,grid,1e-05
0.4575,1000.0,1.0,0.0001,2.0,0.5,grid,0.001
0.4651,1000.0,1.0,0.0001,2.0,0.5,grid,0.01
0.5112,1000.0,1.0,0.0001,2.0,0.0,grid,1e-05
0.5115,1000.0,1.0,0.0001,2.0,0.0,grid,0.001
0.5111,1000.0,1.0,0.0001,2.0,0.0,grid,0.01
0.3817,1000.0,1.0,0.0001,1.0,0.5,grid,1e-05
0.3816,1000.0,1.0,0.0001,1.0,0.5,grid,0.001
0.3803,1000.0,1.0,0.0001,1.0,0.5,grid,0.01
0.4079,1000.0,1.0,0.0001,1.0,0.0,grid,1e-05
0.4079,1000.0,1.0,0.0001,1.0,0.0,grid,0.001
0.4063,1000.0,1.0,0.0001,1.0,0.0,grid,0.01
0.2029,1000.0,1.0,0.001,3.0,0.5,grid,1e-05
0.1942,1000.0,1.0,0.001,3.0,0.5,grid,0.001
0.1809,1000.0,1.0,0.001,3.0,0.5,grid,0.01
0.4521,1000.0,1.0,0.001,3.0,0.0,grid,1e-05
0.4642,1000.0,1.0,0.001,3.0,0.0,grid,0.001
0.4641,1000.0,1.0,0.001,3.0,0.0,grid,0.01
0.2735,1000.0,1.0,0.001,2.0,0.5,grid,1e-05
0.3106,1000.0,1.0,0.001,2.0,0.5,grid,0.001
0.2538,1000.0,1.0,0.001,2.0,0.5,grid,0.01
0.4741,1000.0,1.0,0.001,2.0,0.0,grid,1e-05
0.4685,1000.0,1.0,0.001,2.0,0.0,grid,0.001
0.468,1000.0,1.0,0.001,2.0,0.0,grid,0.01
0.3143,1000.0,1.0,0.001,1.0,0.5,grid,1e-05
0.3064,1000.0,1.0,0.001,1.0,0.5,grid,0.001
0.3189,1000.0,1.0,0.001,1.0,0.5,grid,0.01
0.3754,1000.0,1.0,0.001,1.0,0.0,grid,1e-05
0.3745,1000.0,1.0,0.001,1.0,0.0,grid,0.001
0.3737,1000.0,1.0,0.001,1.0,0.0,grid,0.01
0.131,1000.0,1.0,0.01,3.0,0.5,grid,1e-05
0.1055,1000.0,1.0,0.01,3.0,0.5,grid,0.001
0.1448,1000.0,1.0,0.01,3.0,0.5,grid,0.01
0.4377,1000.0,1.0,0.01,3.0,0.0,grid,1e-05
0.4623,1000.0,1.0,0.01,3.0,0.0,grid,0.001
0.4638,1000.0,1.0,0.01,3.0,0.0,grid,0.01
0.1506,1000.0,1.0,0.01,2.0,0.5,grid,1e-05
0.1733,1000.0,1.0,0.01,2.0,0.5,grid,0.001
0.1634,1000.0,1.0,0.01,2.0,0.5,grid,0.01
0.4595,1000.0,1.0,0.01,2.0,0.0,grid,1e-05
0.4641,1000.0,1.0,0.01,2.0,0.0,grid,0.001
0.456,1000.0,1.0,0.01,2.0,0.0,grid,0.01
0.1905,1000.0,1.0,0.01,1.0,0.5,grid,1e-05
0.1477,1000.0,1.0,0.01,1.0,0.5,grid,0.001
0.1466,1000.0,1.0,0.01,1.0,0.5,grid,0.01
0.2634,1000.0,1.0,0.01,1.0,0.0,grid,1e-05
0.2493,1000.0,1.0,0.01,1.0,0.0,grid,0.001
0.232,1000.0,1.0,0.01,1.0,0.0,grid,0.01
0.4462,500.0,0.0,1e-05,3.0,0.5,grid,1e-05
0.4462,500.0,0.0,1e-05,3.0,0.5,grid,0.001
0.4455,500.0,0.0,1e-05,3.0,0.5,grid,0.01
0.4484,500.0,0.0,1e-05,3.0,0.0,grid,1e-05
0.4484,500.0,0.0,1e-05,3.0,0.0,grid,0.001
0.4482,500.0,0.0,1e-05,3.0,0.0,grid,0.01
0.4446,500.0,0.0,1e-05,2.0,0.5,grid,1e-05
0.4446,500.0,0.0,1e-05,2.0,0.5,grid,0.001
0.4451,500.0,0.0,1e-05,2.0,0.5,grid,0.01
0.4507,500.0,0.0,1e-05,2.0,0.0,grid,1e-05
0.4507,500.0,0.0,1e-05,2.0,0.0,grid,0.001
0.4503,500.0,0.0,1e-05,2.0,0.0,grid,0.01
0.3535,500.0,0.0,1e-05,1.0,0.5,grid,1e-05
0.3535,500.0,0.0,1e-05,1.0,0.5,grid,0.001
0.3535,500.0,0.0,1e-05,1.0,0.5,grid,0.01
0.3724,500.0,0.0,1e-05,1.0,0.0,grid,1e-05
0.3724,500.0,0.0,1e-05,1.0,0.0,grid,0.001
0.3724,500.0,0.0,1e-05,1.0,0.0,grid,0.01
0.4758,500.0,0.0,0.0001,3.0,0.5,grid,1e-05
0.4883,500.0,0.0,0.0001,3.0,0.5,grid,0.001
0.4798,500.0,0.0,0.0001,3.0,0.5,grid,0.01
0.5134,500.0,0.0,0.0001,3.0,0.0,grid,1e-05
0.5153,500.0,0.0,0.0001,3.0,0.0,grid,0.001
0.5143,500.0,0.0,0.0001,3.0,0.0,grid,0.01
0.4684,500.0,0.0,0.0001,2.0,0.5,grid,1e-05
0.4684,500.0,0.0,0.0001,2.0,0.5,grid,0.001
0.4626,500.0,0.0,0.0001,2.0,0.5,grid,0.01
0.5034,500.0,0.0,0.0001,2.0,0.0,grid,1e-05
0.5063,500.0,0.0,0.0001,2.0,0.0,grid,0.001
0.5075,500.0,0.0,0.0001,2.0,0.0,grid,0.01
0.3821,500.0,0.0,0.0001,1.0,0.5,grid,1e-05
0.3816,500.0,0.0,0.0001,1.0,0.5,grid,0.001
0.3811,500.0,0.0,0.0001,1.0,0.5,grid,0.01
0.4058,500.0,0.0,0.0001,1.0,0.0,grid,1e-05
0.4071,500.0,0.0,0.0001,1.0,0.0,grid,0.001
0.4058,500.0,0.0,0.0001,1.0,0.0,grid,0.01
0.1,500.0,0.0,0.001,3.0,0.5,grid,1e-05
0.1,500.0,0.0,0.001,3.0,0.5,grid,0.001
0.1,500.0,0.0,0.001,3.0,0.5,grid,0.01
0.4881,500.0,0.0,0.001,3.0,0.0,grid,1e-05
0.4833,500.0,0.0,0.001,3.0,0.0,grid,0.001
0.4923,500.0,0.0,0.001,3.0,0.0,grid,0.01
0.1,500.0,0.0,0.001,2.0,0.5,grid,1e-05
0.1,500.0,0.0,0.001,2.0,0.5,grid,0.001
0.1,500.0,0.0,0.001,2.0,0.5,grid,0.01
0.272,500.0,0.0,0.001,2.0,0.0,grid,1e-05
0.2753,500.0,0.0,0.001,2.0,0.0,grid,0.001
0.2704,500.0,0.0,0.001,2.0,0.0,grid,0.01
0.2519,500.0,0.0,0.001,1.0,0.5,grid,1e-05
0.2821,500.0,0.0,0.001,1.0,0.5,grid,0.001
0.2718,500.0,0.0,0.001,1.0,0.5,grid,0.01
0.3631,500.0,0.0,0.001,1.0,0.0,grid,1e-05
0.3743,500.0,0.0,0.001,1.0,0.0,grid,0.001
0.3658,500.0,0.0,0.001,1.0,0.0,grid,0.01
0.1,500.0,0.0,0.01,3.0,0.5,grid,1e-05
0.1,500.0,0.0,0.01,3.0,0.5,grid,0.001
0.1,500.0,0.0,0.01,3.0,0.5,grid,0.01
0.1,500.0,0.0,0.01,3.0,0.0,grid,1e-05
0.1,500.0,0.0,0.01,3.0,0.0,grid,0.001
0.1,500.0,0.0,0.01,3.0,0.0,grid,0.01
0.1,500.0,0.0,0.01,2.0,0.5,grid,1e-05
0.1,500.0,0.0,0.01,2.0,0.5,grid,0.001
0.1,500.0,0.0,0.01,2.0,0.5,grid,0.01
0.1,500.0,0.0,0.01,2.0,0.0,grid,1e-05
0.1,500.0,0.0,0.01,2.0,0.0,grid,0.001
0.1,500.0,0.0,0.01,2.0,0.0,grid,0.01
0.0975,500.0,0.0,0.01,1.0,0.5,grid,1e-05
0.12,500.0,0.0,0.01,1.0,0.5,grid,0.001
0.1142,500.0,0.0,0.01,1.0,0.5,grid,0.01
0.128,500.0,0.0,0.01,1.0,0.0,grid,1e-05
0.1558,500.0,0.0,0.01,1.0,0.0,grid,0.001
0.1591,500.0,0.0,0.01,1.0,0.0,grid,0.01
0.4463,500.0,1.0,1e-05,3.0,0.5,grid,1e-05
0.4463,500.0,1.0,1e-05,3.0,0.5,grid,0.001
0.4463,500.0,1.0,1e-05,3.0,0.5,grid,0.01
0.4471,500.0,1.0,1e-05,3.0,0.0,grid,1e-05
0.4471,500.0,1.0,1e-05,3.0,0.0,grid,0.001
0.4477,500.0,1.0,1e-05,3.0,0.0,grid,0.01
0.4455,500.0,1.0,1e-05,2.0,0.5,grid,1e-05
0.4455,500.0,1.0,1e-05,2.0,0.5,grid,0.001
0.4456,500.0,1.0,1e-05,2.0,0.5,grid,0.01
0.4497,500.0,1.0,1e-05,2.0,0.0,grid,1e-05
0.4497,500.0,1.0,1e-05,2.0,0.0,grid,0.001
0.4497,500.0,1.0,1e-05,2.0,0.0,grid,0.01
0.3542,500.0,1.0,1e-05,1.0,0.5,grid,1e-05
0.3542,500.0,1.0,1e-05,1.0,0.5,grid,0.001
0.3541,500.0,1.0,1e-05,1.0,0.5,grid,0.01
0.3723,500.0,1.0,1e-05,1.0,0.0,grid,1e-05
0.3723,500.0,1.0,1e-05,1.0,0.0,grid,0.001
0.3723,500.0,1.0,1e-05,1.0,0.0,grid,0.01
0.4871,500.0,1.0,0.0001,3.0,0.5,grid,1e-05
0.4832,500.0,1.0,0.0001,3.0,0.5,grid,0.001
0.4881,500.0,1.0,0.0001,3.0,0.5,grid,0.01
0.515,500.0,1.0,0.0001,3.0,0.0,grid,1e-05
0.5141,500.0,1.0,0.0001,3.0,0.0,grid,0.001
0.5147,500.0,1.0,0.0001,3.0,0.0,grid,0.01
0.4675,500.0,1.0,0.0001,2.0,0.5,grid,1e-05
0.4601,500.0,1.0,0.0001,2.0,0.5,grid,0.001
0.4554,500.0,1.0,0.0001,2.0,0.5,grid,0.01
0.5063,500.0,1.0,0.0001,2.0,0.0,grid,1e-05
0.5018,500.0,1.0,0.0001,2.0,0.0,grid,0.001
0.5033,500.0,1.0,0.0001,2.0,0.0,grid,0.01
0.3817,500.0,1.0,0.0001,1.0,0.5,grid,1e-05
0.3816,500.0,1.0,0.0001,1.0,0.5,grid,0.001
0.3803,500.0,1.0,0.0001,1.0,0.5,grid,0.01
0.4079,500.0,1.0,0.0001,1.0,0.0,grid,1e-05
0.4079,500.0,1.0,0.0001,1.0,0.0,grid,0.001
0.4063,500.0,1.0,0.0001,1.0,0.0,grid,0.01
0.2001,500.0,1.0,0.001,3.0,0.5,grid,1e-05
0.3007,500.0,1.0,0.001,3.0,0.5,grid,0.001
0.2708,500.0,1.0,0.001,3.0,0.5,grid,0.01
0.5024,500.0,1.0,0.001,3.0,0.0,grid,1e-05
0.4961,500.0,1.0,0.001,3.0,0.0,grid,0.001
0.4968,500.0,1.0,0.001,3.0,0.0,grid,0.01
0.3318,500.0,1.0,0.001,2.0,0.5,grid,1e-05
0.3342,500.0,1.0,0.001,2.0,0.5,grid,0.001
0.315,500.0,1.0,0.001,2.0,0.5,grid,0.01
0.4202,500.0,1.0,0.001,2.0,0.0,grid,1e-05
0.4222,500.0,1.0,0.001,2.0,0.0,grid,0.001
0.4235,500.0,1.0,0.001,2.0,0.0,grid,0.01
0.3143,500.0,1.0,0.001,1.0,0.5,grid,1e-05
0.3064,500.0,1.0,0.001,1.0,0.5,grid,0.001
0.3189,500.0,1.0,0.001,1.0,0.5,grid,0.01
0.3754,500.0,1.0,0.001,1.0,0.0,grid,1e-05
0.3745,500.0,1.0,0.001,1.0,0.0,grid,0.001
0.3737,500.0,1.0,0.001,1.0,0.0,grid,0.01
0.1218,500.0,1.0,0.01,3.0,0.5,grid,1e-05
0.1421,500.0,1.0,0.01,3.0,0.5,grid,0.001
0.1427,500.0,1.0,0.01,3.0,0.5,grid,0.01
0.3591,500.0,1.0,0.01,3.0,0.0,grid,1e-05
0.4791,500.0,1.0,0.01,3.0,0.0,grid,0.001
0.454,500.0,1.0,0.01,3.0,0.0,grid,0.01
0.1536,500.0,1.0,0.01,2.0,0.5,grid,1e-05
0.1538,500.0,1.0,0.01,2.0,0.5,grid,0.001
0.1661,500.0,1.0,0.01,2.0,0.5,grid,0.01
0.4346,500.0,1.0,0.01,2.0,0.0,grid,1e-05
0.4567,500.0,1.0,0.01,2.0,0.0,grid,0.001
0.4578,500.0,1.0,0.01,2.0,0.0,grid,0.01
0.1905,500.0,1.0,0.01,1.0,0.5,grid,1e-05
0.1477,500.0,1.0,0.01,1.0,0.5,grid,0.001
0.1466,500.0,1.0,0.01,1.0,0.5,grid,0.01
0.2634,500.0,1.0,0.01,1.0,0.0,grid,1e-05
0.2493,500.0,1.0,0.01,1.0,0.0,grid,0.001
0.232,500.0,1.0,0.01,1.0,0.0,grid,0.01
0.4594,2250.0,0.0,4.281332398719396e-06,3.0,0.25,random,0.004641588833612777
0.1,2500.0,0.0,0.00615848211066026,2.0,0.0,random,4.641588833612782e-05
0.4566,2750.0,1.0,4.281332398719396e-06,2.0,0.25,random,2.1544346900318823e-05
0.3152,1000.0,0.0,0.0014384498882876629,1.0,0.25,random,1e-05
0.1272,3500.0,1.0,0.01,2.0,0.5,random,0.01
0.514,3750.0,1.0,4.8329302385717524e-05,2.0,0.0,random,1e-05
0.1672,1500.0,0.0,0.002335721469090121,1.0,0.5,random,0.00046415888336127773
0.4936,2250.0,1.0,0.002335721469090121,3.0,0.0,random,1e-05
0.3531,1500.0,1.0,0.0005455594781168515,2.0,0.25,random,0.00021544346900318823
0.458,2750.0,0.0,4.281332398719396e-06,3.0,0.5,random,2.1544346900318823e-05
0.5097,3750.0,1.0,0.00020691380811147902,2.0,0.0,random,0.01
0.4785,3500.0,1.0,0.003792690190732246,2.0,0.0,random,4.641588833612782e-05
0.4361,1250.0,0.0,0.00012742749857031334,2.0,0.25,random,4.641588833612782e-05
0.1977,750.0,1.0,0.00615848211066026,1.0,0.25,random,2.1544346900318823e-05
0.1,2500.0,0.0,0.00012742749857031334,3.0,0.5,random,0.00046415888336127773
0.1307,1250.0,1.0,0.01,2.0,0.25,random,0.0001
0.4232,3750.0,1.0,1.6237767391887209e-06,2.0,0.5,random,0.004641588833612777
0.5027,3500.0,0.0,1.8329807108324375e-05,2.0,0.0,random,0.004641588833612777
0.3756,1500.0,0.0,0.0005455594781168515,1.0,0.0,random,0.00021544346900318823
0.521,1750.0,1.0,4.8329302385717524e-05,3.0,0.0,random,0.0001
0.5263,3500.0,0.0,2.9763514416313192e-05,3.0,0.0,random,0.00021544346900318823
0.3662,750.0,1.0,0.00020691380811147902,1.0,0.5,random,4.641588833612782e-05
0.5304,3500.0,0.0,4.8329302385717524e-05,3.0,0.0,random,4.641588833612782e-05
0.3968,1000.0,1.0,4.8329302385717524e-05,1.0,0.25,random,0.004641588833612777
0.2427,750.0,1.0,0.002335721469090121,2.0,0.5,random,0.001
0.1,2000.0,0.0,0.0008858667904100823,3.0,0.0,random,0.00046415888336127773
0.3968,1000.0,0.0,7.847599703514606e-05,1.0,0.25,random,0.00021544346900318823
0.5174,3500.0,0.0,2.9763514416313192e-05,3.0,0.25,random,0.00021544346900318823
0.4354,3250.0,0.0,2.6366508987303555e-06,3.0,0.25,random,0.002154434690031882
0.1591,3250.0,0.0,0.01,1.0,0.0,random,0.01
0.1002,3750.0,0.0,0.01,1.0,0.5,random,0.00021544346900318823
0.5188,1000.0,1.0,7.847599703514606e-05,3.0,0.0,random,0.00021544346900318823
0.1729,3000.0,0.0,0.00012742749857031334,3.0,0.5,random,1e-05
0.4112,2250.0,0.0,1.6237767391887209e-06,3.0,0.5,random,0.001
0.4008,750.0,0.0,0.00012742749857031334,1.0,0.25,random,0.01
0.1237,2500.0,0.0,0.00020691380811147902,2.0,0.5,random,1e-05
0.4835,1000.0,0.0,2.9763514416313192e-05,2.0,0.5,random,0.002154434690031882
0.4437,1250.0,0.0,4.281332398719396e-06,2.0,0.25,random,4.641588833612782e-05
0.405,2250.0,1.0,7.847599703514606e-05,1.0,0.0,random,4.641588833612782e-05
0.1431,500.0,1.0,0.00615848211066026,1.0,0.5,random,0.002154434690031882
0.3774,2750.0,0.0,0.00012742749857031334,1.0,0.5,random,2.1544346900318823e-05
0.4806,500.0,1.0,4.8329302385717524e-05,3.0,0.5,random,0.00021544346900318823
0.1703,3000.0,0.0,0.00615848211066026,1.0,0.0,random,4.641588833612782e-05
0.158,3500.0,1.0,0.0014384498882876629,3.0,0.5,random,4.641588833612782e-05
0.1,2500.0,0.0,0.00615848211066026,3.0,0.0,random,0.001
0.3023,3500.0,1.0,0.0014384498882876629,2.0,0.25,random,0.0001
0.4959,500.0,1.0,0.0014384498882876629,3.0,0.0,random,0.00046415888336127773
0.4712,1750.0,1.0,0.003792690190732246,3.0,0.0,random,0.0001
0.3774,500.0,0.0,0.00012742749857031334,1.0,0.5,random,4.641588833612782e-05
0.3931,2500.0,1.0,2.9763514416313192e-05,1.0,0.0,random,0.01
0.1,3250.0,0.0,0.0003359818286283781,3.0,0.0,random,0.0001
0.5017,3250.0,1.0,0.0014384498882876629,2.0,0.0,random,0.01
0.4553,2000.0,0.0,2.9763514416313192e-05,2.0,0.5,random,0.002154434690031882
0.344,3000.0,1.0,4.281332398719396e-06,1.0,0.0,random,0.00046415888336127773
0.4888,2250.0,1.0,0.00020691380811147902,2.0,0.0,random,4.641588833612782e-05
0.5149,2750.0,1.0,2.9763514416313192e-05,3.0,0.25,random,1e-05
0.4387,1000.0,0.0,4.281332398719396e-06,2.0,0.5,random,2.1544346900318823e-05
0.2412,500.0,0.0,1e-06,1.0,0.25,random,4.641588833612782e-05
0.5166,2000.0,1.0,0.0008858667904100823,3.0,0.0,random,0.0001
0.4813,3750.0,1.0,0.0005455594781168515,2.0,0.0,random,2.1544346900318823e-05
0.4991,1500.0,1.0,0.0005455594781168515,3.0,0.0,random,4.641588833612782e-05
0.1,1750.0,0.0,0.002335721469090121,2.0,0.5,random,0.00046415888336127773
0.4566,1250.0,1.0,6.951927961775606e-06,2.0,0.0,random,0.00021544346900318823
0.3965,1000.0,1.0,4.8329302385717524e-05,1.0,0.25,random,0.001
0.1,1250.0,0.0,0.01,2.0,0.0,random,0.0001
0.1,4000.0,0.0,0.01,3.0,0.25,random,0.0001
0.5109,3250.0,1.0,4.8329302385717524e-05,2.0,0.25,random,4.641588833612782e-05
0.3549,750.0,0.0,0.0014384498882876629,3.0,0.0,random,0.00046415888336127773
0.4701,2750.0,1.0,6.951927961775606e-06,2.0,0.25,random,0.002154434690031882
0.4732,4000.0,1.0,6.951927961775606e-06,2.0,0.25,random,0.0001
0.3179,3750.0,0.0,7.847599703514606e-05,2.0,0.5,random,4.641588833612782e-05
0.1534,3750.0,0.0,0.01,1.0,0.0,random,0.00021544346900318823
0.452,1000.0,1.0,0.01,2.0,0.0,random,0.00046415888336127773
0.4821,500.0,1.0,0.0005455594781168515,3.0,0.25,random,1e-05
0.4786,4000.0,0.0,4.8329302385717524e-05,2.0,0.0,random,0.00021544346900318823
0.2931,1000.0,0.0,0.002335721469090121,1.0,0.0,random,0.01
0.4054,500.0,1.0,7.847599703514606e-05,1.0,0.0,random,0.01
0.1,3500.0,0.0,0.0008858667904100823,2.0,0.0,random,0.00021544346900318823
0.4322,1750.0,0.0,2.6366508987303555e-06,2.0,0.25,random,0.01
0.1748,750.0,0.0,0.002335721469090121,1.0,0.5,random,0.01
0.1,2250.0,0.0,0.0014384498882876629,2.0,0.25,random,1e-05
0.4299,4000.0,0.0,2.9763514416313192e-05,2.0,0.25,random,0.00021544346900318823
0.3947,3000.0,1.0,0.00020691380811147902,1.0,0.25,random,0.004641588833612777
0.1,3000.0,0.0,0.01,2.0,0.25,random,2.1544346900318823e-05
0.262,3000.0,0.0,0.00012742749857031334,2.0,0.5,random,0.0001
0.273,750.0,0.0,1.6237767391887209e-06,1.0,0.25,random,0.0001
0.3356,2500.0,0.0,0.0003359818286283781,1.0,0.5,random,1e-05
0.3104,2250.0,0.0,4.281332398719396e-06,1.0,0.5,random,0.00046415888336127773
0.1,2250.0,0.0,0.0014384498882876629,3.0,0.25,random,0.00046415888336127773
0.2506,500.0,0.0,1e-06,1.0,0.0,random,0.0001
0.1458,3500.0,0.0,0.0003359818286283781,3.0,0.25,random,4.641588833612782e-05
0.2509,750.0,1.0,1e-06,1.0,0.0,random,0.001
0.405,2000.0,0.0,0.00012742749857031334,1.0,0.0,random,0.001
0.3074,3000.0,0.0,2.6366508987303555e-06,1.0,0.25,random,4.641588833612782e-05
0.3568,1250.0,1.0,0.0005455594781168515,1.0,0.25,random,0.01
0.4628,1250.0,0.0,6.951927961775606e-06,2.0,0.25,random,0.004641588833612777
0.4996,2000.0,1.0,2.9763514416313192e-05,3.0,0.5,random,2.1544346900318823e-05
0.1589,1750.0,0.0,0.01,1.0,0.0,random,4.641588833612782e-05
0.152,2250.0,1.0,0.003792690190732246,1.0,0.5,random,0.01
0.4861,1250.0,0.0,0.00020691380811147902,3.0,0.0,random,0.00046415888336127773
0.4284,3750.0,1.0,1.6237767391887209e-06,2.0,0.25,random,1e-05
0.3077,3750.0,1.0,2.6366508987303555e-06,1.0,0.25,random,0.00046415888336127773
0.3549,3000.0,1.0,0.0005455594781168515,1.0,0.25,random,2.1544346900318823e-05
0.4734,2250.0,0.0,2.9763514416313192e-05,3.0,0.5,random,4.641588833612782e-05
0.375,3250.0,0.0,0.0003359818286283781,1.0,0.25,random,0.004641588833612777
0.3324,1250.0,1.0,0.0014384498882876629,1.0,0.25,random,0.00021544346900318823
0.1,2500.0,0.0,0.0005455594781168515,3.0,0.0,random,0.0001
0.4667,750.0,1.0,0.00012742749857031334,2.0,0.5,random,0.004641588833612777
0.2922,1000.0,1.0,0.0003359818286283781,3.0,0.5,random,1e-05
0.3628,3000.0,1.0,0.00020691380811147902,1.0,0.5,random,0.004641588833612777
0.3929,2250.0,1.0,0.00020691380811147902,1.0,0.25,random,0.001
0.3389,500.0,1.0,6.951927961775606e-06,1.0,0.5,random,0.0001
0.5115,2000.0,0.0,1.8329807108324375e-05,3.0,0.0,random,4.641588833612782e-05
0.3774,3000.0,0.0,1.1288378916846883e-05,1.0,0.0,random,1e-05
0.3596,3000.0,1.0,0.0014384498882876629,1.0,0.0,random,0.004641588833612777
0.3004,1500.0,1.0,0.003792690190732246,1.0,0.0,random,0.00046415888336127773
0.1,1750.0,0.0,0.0014384498882876629,2.0,0.5,random,0.002154434690031882
0.1373,2250.0,1.0,0.01,3.0,0.5,random,0.0001
0.1729,1500.0,1.0,0.00615848211066026,2.0,0.25,random,0.001
0.4074,500.0,1.0,0.01,3.0,0.0,random,0.0001
0.4851,3000.0,1.0,1.1288378916846883e-05,3.0,0.5,random,1e-05
0.4866,2750.0,1.0,0.00012742749857031334,2.0,0.25,random,4.641588833612782e-05
0.368,3250.0,1.0,0.0005455594781168515,2.0,0.25,random,0.00046415888336127773
0.5048,1750.0,1.0,0.0008858667904100823,3.0,0.0,random,0.00021544346900318823
0.1,1500.0,0.0,0.002335721469090121,3.0,0.25,random,0.001
0.1482,1250.0,1.0,0.0014384498882876629,3.0,0.5,random,0.00021544346900318823
0.1,1000.0,0.0,0.00615848211066026,3.0,0.5,random,0.001
0.1933,4000.0,1.0,0.0014384498882876629,2.0,0.5,random,0.001
0.2866,2500.0,1.0,0.002335721469090121,1.0,0.25,random,0.002154434690031882
0.496,1250.0,0.0,2.9763514416313192e-05,2.0,0.0,random,1e-05
0.3663,1500.0,1.0,1e-06,3.0,0.25,random,4.641588833612782e-05
0.3833,2250.0,0.0,0.0003359818286283781,1.0,0.0,random,1e-05
0.3783,750.0,1.0,0.0003359818286283781,1.0,0.25,random,0.0001
0.1,2750.0,0.0,0.00615848211066026,3.0,0.5,random,0.00046415888336127773
0.4406,3750.0,0.0,4.8329302385717524e-05,3.0,0.25,random,2.1544346900318823e-05
0.3108,2000.0,1.0,4.281332398719396e-06,1.0,0.5,random,2.1544346900318823e-05
0.4377,3500.0,0.0,4.8329302385717524e-05,3.0,0.5,random,0.01
0.3367,3750.0,0.0,0.0003359818286283781,1.0,0.5,random,0.00046415888336127773
0.4806,1750.0,1.0,2.9763514416313192e-05,2.0,0.5,random,0.004641588833612777
0.2982,2750.0,1.0,0.00020691380811147902,3.0,0.5,random,0.001
0.3952,2000.0,1.0,0.00020691380811147902,1.0,0.0,random,0.00021544346900318823
0.382,2250.0,1.0,0.0003359818286283781,1.0,0.0,random,0.004641588833612777
0.4515,2750.0,0.0,7.847599703514606e-05,3.0,0.25,random,0.00046415888336127773
0.1,3500.0,0.0,0.0005455594781168515,3.0,0.5,random,0.00046415888336127773
0.2012,1500.0,0.0,0.003792690190732246,1.0,0.25,random,1e-05
0.3148,3750.0,0.0,2.6366508987303555e-06,1.0,0.0,random,0.00046415888336127773
0.3487,3000.0,0.0,0.0014384498882876629,1.0,0.0,random,0.001
0.3935,1750.0,0.0,2.9763514416313192e-05,1.0,0.0,random,2.1544346900318823e-05
0.5029,3750.0,1.0,1.8329807108324375e-05,2.0,0.0,random,2.1544346900318823e-05
0.4795,2250.0,1.0,1.1288378916846883e-05,2.0,0.25,random,4.641588833612782e-05
0.3721,1750.0,1.0,0.00020691380811147902,1.0,0.5,random,0.01
0.3027,500.0,0.0,0.0008858667904100823,2.0,0.0,random,0.01
0.4431,3250.0,0.0,2.9763514416313192e-05,3.0,0.25,random,2.1544346900318823e-05
0.397,1750.0,1.0,4.8329302385717524e-05,1.0,0.25,random,0.01
0.4748,750.0,1.0,4.8329302385717524e-05,2.0,0.5,random,0.01
0.1716,3250.0,0.0,0.01,1.0,0.0,random,0.004641588833612777
0.3712,3500.0,1.0,0.01,3.0,0.0,random,2.1544346900318823e-05
0.1,500.0,0.0,0.0014384498882876629,3.0,0.0,random,0.002154434690031882
0.2914,1500.0,1.0,0.0003359818286283781,3.0,0.5,random,0.0001
0.3327,1250.0,0.0,1e-06,3.0,0.5,random,4.641588833612782e-05
0.4564,3000.0,0.0,4.281332398719396e-06,2.0,0.0,random,0.00046415888336127773
0.1626,1000.0,1.0,0.00615848211066026,2.0,0.5,random,0.001
0.4003,3250.0,1.0,1e-06,3.0,0.25,random,4.641588833612782e-05
0.3862,1000.0,0.0,1.6237767391887209e-06,2.0,0.0,random,0.0001
0.3615,2750.0,1.0,0.0005455594781168515,2.0,0.25,random,4.641588833612782e-05
0.3157,3500.0,0.0,0.0005455594781168515,1.0,0.5,random,0.00021544346900318823
0.2412,750.0,0.0,1e-06,1.0,0.25,random,0.0001
0.4903,3750.0,0.0,1.1288378916846883e-05,2.0,0.25,random,2.1544346900318823e-05
0.372,3500.0,0.0,1.1288378916846883e-05,1.0,0.25,random,0.00021544346900318823
0.3968,1750.0,0.0,0.00020691380811147902,1.0,0.0,random,0.002154434690031882
0.3941,750.0,0.0,0.00020691380811147902,1.0,0.25,random,0.01
0.3266,2250.0,0.0,0.0014384498882876629,1.0,0.25,random,0.01
0.4195,2750.0,0.0,1.6237767391887209e-06,3.0,0.0,random,0.002154434690031882
0.5119,1750.0,1.0,2.9763514416313192e-05,3.0,0.25,random,2.1544346900318823e-05
0.1,500.0,0.0,0.002335721469090121,3.0,0.25,random,0.00046415888336127773
0.2581,750.0,1.0,0.00615848211066026,1.0,0.0,random,0.01
0.4426,1250.0,0.0,0.00020691380811147902,3.0,0.25,random,0.001
0.1,500.0,0.0,0.0008858667904100823,2.0,0.5,random,0.00046415888336127773
0.3603,500.0,0.0,1.1288378916846883e-05,1.0,0.5,random,0.0001
0.3788,3250.0,1.0,0.0003359818286283781,1.0,0.25,random,0.001
0.4003,3250.0,1.0,1e-06,3.0,0.25,random,1e-05
0.3981,3750.0,1.0,0.00020691380811147902,1.0,0.0,random,2.1544346900318823e-05
0.3505,1000.0,1.0,1e-06,3.0,0.5,random,0.002154434690031882
0.2489,750.0,1.0,0.0014384498882876629,3.0,0.25,random,0.0001
0.3074,3500.0,0.0,2.6366508987303555e-06,1.0,0.25,random,4.641588833612782e-05
0.4107,2000.0,0.0,1.6237767391887209e-06,2.0,0.25,random,0.0001
0.5124,2750.0,0.0,2.9763514416313192e-05,2.0,0.0,random,1e-05
0.3841,3500.0,0.0,0.0003359818286283781,1.0,0.0,random,0.0001
0.4973,1000.0,0.0,7.847599703514606e-05,2.0,0.25,random,0.00021544346900318823
0.3105,2500.0,1.0,0.0008858667904100823,1.0,0.5,random,0.00021544346900318823
0.3901,2750.0,0.0,4.8329302385717524e-05,1.0,0.5,random,4.641588833612782e-05
0.1128,2250.0,0.0,0.01,1.0,0.25,random,0.01
0.3931,2750.0,1.0,2.9763514416313192e-05,1.0,0.0,random,0.01
0.3302,3750.0,1.0,0.0008858667904100823,1.0,0.25,random,0.001
0.3997,2750.0,1.0,4.8329302385717524e-05,1.0,0.0,random,0.00046415888336127773
0.4581,2250.0,1.0,4.281332398719396e-06,3.0,0.25,random,0.01
0.4498,750.0,0.0,0.0008858667904100823,3.0,0.0,random,0.001
0.3435,1500.0,1.0,0.0008858667904100823,1.0,0.25,random,0.00046415888336127773
0.1991,750.0,0.0,0.003792690190732246,1.0,0.0,random,1e-05
0.4536,3500.0,0.0,1.1288378916846883e-05,3.0,0.5,random,0.01
0.5109,2500.0,0.0,1.8329807108324375e-05,3.0,0.0,random,0.004641588833612777
0.3774,1750.0,0.0,0.00012742749857031334,1.0,0.5,random,0.00021544346900318823
0.1,1000.0,0.0,0.01,3.0,0.25,random,4.641588833612782e-05
0.4903,1500.0,1.0,1.8329807108324375e-05,2.0,0.25,random,4.641588833612782e-05
0.4813,2250.0,0.0,1.1288378916846883e-05,2.0,0.0,random,0.00046415888336127773
0.4665,3250.0,0.0,1.8329807108324375e-05,2.0,0.0,random,0.0001
0.2634,1500.0,1.0,0.01,1.0,0.0,random,1e-05
0.1,1250.0,0.0,0.003792690190732246,2.0,0.25,random,0.00021544346900318823
0.2831,2500.0,0.0,2.6366508987303555e-06,1.0,0.5,random,0.002154434690031882
0.3266,1000.0,0.0,0.0014384498882876629,1.0,0.25,random,0.01
0.4537,1750.0,0.0,7.847599703514606e-05,2.0,0.25,random,0.0001
0.1525,2500.0,1.0,0.0014384498882876629,3.0,0.5,random,0.00021544346900318823
0.5079,1000.0,1.0,0.00020691380811147902,2.0,0.0,random,0.002154434690031882
0.405,2500.0,1.0,7.847599703514606e-05,1.0,0.0,random,0.0001
0.2263,3500.0,1.0,0.0005455594781168515,3.0,0.25,random,1e-05
0.3997,2500.0,1.0,4.8329302385717524e-05,1.0,0.0,random,4.641588833612782e-05
0.4494,3000.0,0.0,1.8329807108324375e-05,2.0,0.5,random,0.002154434690031882
0.3811,1750.0,1.0,1e-06,2.0,0.5,random,0.001
0.1,4000.0,0.0,0.003792690190732246,2.0,0.25,random,4.641588833612782e-05
0.1,4000.0,0.0,0.0008858667904100823,3.0,0.0,random,0.001
0.4669,2500.0,0.0,6.951927961775606e-06,2.0,0.5,random,0.001
0.3952,3750.0,1.0,0.00020691380811147902,1.0,0.0,random,0.00021544346900318823
0.5048,500.0,0.0,7.847599703514606e-05,3.0,0.25,random,0.0001
0.4985,1500.0,1.0,7.847599703514606e-05,3.0,0.5,random,1e-05
0.1,750.0,0.0,0.0008858667904100823,2.0,0.25,random,0.00046415888336127773
0.3095,3500.0,1.0,0.0003359818286283781,2.0,0.5,random,0.001
0.1,1500.0,0.0,0.003792690190732246,2.0,0.5,random,0.0001
0.1133,1000.0,0.0,0.00615848211066026,1.0,0.5,random,0.001
0.108,1500.0,1.0,0.002335721469090121,3.0,0.25,random,1e-05
0.1466,3250.0,0.0,0.00012742749857031334,2.0,0.5,random,0.00046415888336127773
0.1564,3500.0,1.0,0.01,2.0,0.25,random,1e-05
0.4278,3500.0,1.0,1.6237767391887209e-06,3.0,0.0,random,2.1544346900318823e-05
0.4546,3000.0,0.0,2.9763514416313192e-05,3.0,0.25,random,0.00021544346900318823
0.273,1500.0,0.0,1.6237767391887209e-06,1.0,0.25,random,0.01
0.12,2000.0,0.0,0.01,1.0,0.5,random,0.001
0.1991,1000.0,0.0,0.003792690190732246,1.0,0.0,random,1e-05
0.391,3000.0,1.0,4.8329302385717524e-05,1.0,0.5,random,0.00046415888336127773
0.1991,750.0,0.0,0.003792690190732246,1.0,0.0,random,2.1544346900318823e-05
0.447,4000.0,0.0,2.6366508987303555e-06,2.0,0.25,random,0.00046415888336127773
0.4075,2000.0,0.0,0.00020691380811147902,3.0,0.25,random,0.0001
0.1896,4000.0,1.0,0.002335721469090121,3.0,0.5,random,0.01
0.4856,3500.0,0.0,6.951927961775606e-06,3.0,0.25,random,0.001
0.3437,3750.0,0.0,4.281332398719396e-06,1.0,0.0,random,1e-05
0.4916,500.0,0.0,0.00012742749857031334,2.0,0.25,random,4.641588833612782e-05
0.4844,750.0,1.0,1.8329807108324375e-05,3.0,0.0,random,0.0001
0.474,2250.0,1.0,0.00615848211066026,2.0,0.0,random,0.0001
0.2731,500.0,1.0,1.6237767391887209e-06,1.0,0.25,random,0.004641588833612777
0.3954,1750.0,1.0,2.9763514416313192e-05,1.0,0.25,random,0.002154434690031882
0.3951,3250.0,1.0,2.9763514416313192e-05,1.0,0.25,random,0.01
0.319,3500.0,1.0,0.0014384498882876629,1.0,0.25,random,2.1544346900318823e-05
0.4992,4000.0,1.0,4.8329302385717524e-05,2.0,0.25,random,1e-05
0.4932,2750.0,1.0,0.0008858667904100823,2.0,0.0,random,0.004641588833612777
0.2509,1500.0,1.0,1e-06,1.0,0.0,random,0.00046415888336127773
0.4677,500.0,0.0,1.8329807108324375e-05,2.0,0.25,random,0.00046415888336127773
0.4838,1000.0,0.0,2.9763514416313192e-05,2.0,0.5,random,0.01
0.1066,1500.0,0.0,0.00615848211066026,1.0,0.5,random,4.641588833612782e-05
0.3935,2250.0,0.0,2.9763514416313192e-05,1.0,0.0,random,0.004641588833612777
0.3736,2000.0,1.0,1.8329807108324375e-05,1.0,0.5,random,2.1544346900318823e-05
0.117,1000.0,1.0,0.00615848211066026,3.0,0.25,random,0.00021544346900318823
0.1347,2000.0,1.0,0.00615848211066026,1.0,0.5,random,0.01
0.436,2250.0,0.0,2.6366508987303555e-06,2.0,0.25,random,1e-05
0.3835,2500.0,1.0,2.9763514416313192e-05,1.0,0.5,random,0.0001
0.4993,2250.0,1.0,0.00012742749857031334,3.0,0.25,random,0.01
0.3388,2750.0,0.0,6.951927961775606e-06,1.0,0.5,random,1e-05
0.4729,3750.0,1.0,6.951927961775606e-06,2.0,0.5,random,1e-05
0.4776,1250.0,1.0,0.002335721469090121,2.0,0.0,random,0.001
0.1347,1000.0,1.0,0.00615848211066026,1.0,0.5,random,0.01
0.2509,2250.0,1.0,1e-06,1.0,0.0,random,0.0001
0.4045,2000.0,0.0,0.00012742749857031334,1.0,0.0,random,0.00046415888336127773
0.45,500.0,1.0,0.01,3.0,0.0,random,0.00046415888336127773
0.1105,2500.0,0.0,0.00615848211066026,1.0,0.5,random,2.1544346900318823e-05
0.386,2250.0,1.0,1.8329807108324375e-05,1.0,0.0,random,0.01
0.4455,750.0,1.0,6.951927961775606e-06,2.0,0.0,random,0.00046415888336127773
0.2118,3500.0,1.0,0.00615848211066026,1.0,0.25,random,0.00046415888336127773
0.1331,3000.0,1.0,0.0014384498882876629,3.0,0.25,random,0.01
0.4045,4000.0,0.0,0.00012742749857031334,1.0,0.0,random,2.1544346900318823e-05
0.4936,3500.0,1.0,0.0008858667904100823,2.0,0.0,random,0.002154434690031882
0.4626,3250.0,0.0,6.951927961775606e-06,3.0,0.25,random,0.01
0.2879,2250.0,1.0,0.003792690190732246,1.0,0.0,random,0.002154434690031882
0.3441,3000.0,1.0,4.281332398719396e-06,1.0,0.0,random,0.01
0.2207,3250.0,1.0,1e-06,1.0,0.5,random,4.641588833612782e-05
0.4968,750.0,0.0,0.0005455594781168515,3.0,0.0,random,1e-05
0.2829,1000.0,1.0,0.0008858667904100823,2.0,0.5,random,0.0001
0.154,2500.0,1.0,0.003792690190732246,1.0,0.5,random,0.0001
0.3834,4000.0,0.0,0.0003359818286283781,1.0,0.0,random,0.004641588833612777
0.2255,500.0,1.0,0.002335721469090121,2.0,0.5,random,1e-05
0.3684,4000.0,0.0,0.0008858667904100823,1.0,0.0,random,0.0001
0.39,1250.0,0.0,0.00020691380811147902,3.0,0.5,random,0.0001
0.3809,1250.0,0.0,2.6366508987303555e-06,3.0,0.0,random,0.00046415888336127773
0.3997,1250.0,1.0,4.8329302385717524e-05,1.0,0.0,random,0.001
0.4475,3750.0,0.0,2.6366508987303555e-06,2.0,0.25,random,4.641588833612782e-05
0.4961,2250.0,0.0,2.9763514416313192e-05,2.0,0.0,random,0.0001
0.3547,3000.0,0.0,6.951927961775606e-06,1.0,0.25,random,0.001
0.1823,3250.0,1.0,0.00615848211066026,1.0,0.5,random,0.00021544346900318823
0.3389,1000.0,1.0,6.951927961775606e-06,1.0,0.5,random,0.0001
0.5313,3500.0,1.0,4.8329302385717524e-05,3.0,0.0,random,0.001
0.1,2500.0,0.0,0.0008858667904100823,3.0,0.0,random,0.004641588833612777
0.4577,2250.0,1.0,4.281332398719396e-06,3.0,0.25,random,0.001
0.3552,1000.0,1.0,0.0005455594781168515,1.0,0.25,random,0.00046415888336127773
0.4413,3000.0,0.0,2.6366508987303555e-06,2.0,0.5,random,4.641588833612782e-05
0.4521,500.0,0.0,1.1288378916846883e-05,2.0,0.0,random,0.00046415888336127773
0.4749,3750.0,0.0,6.951927961775606e-06,3.0,0.5,random,0.00046415888336127773
0.2731,2750.0,1.0,1.6237767391887209e-06,1.0,0.25,random,4.641588833612782e-05
0.2057,3250.0,1.0,0.00615848211066026,2.0,0.5,random,0.00021544346900318823
0.4653,3750.0,1.0,4.281332398719396e-06,2.0,0.25,random,4.641588833612782e-05
0.3815,1750.0,0.0,1e-06,2.0,0.0,random,0.01
0.1421,1250.0,1.0,0.002335721469090121,3.0,0.25,random,0.0001
0.4971,500.0,0.0,0.0008858667904100823,3.0,0.0,random,1e-05
0.173,1250.0,1.0,0.00615848211066026,2.0,0.25,random,0.0001
0.5037,750.0,0.0,4.8329302385717524e-05,3.0,0.25,random,0.00046415888336127773
0.5143,2000.0,1.0,2.9763514416313192e-05,3.0,0.25,random,1e-05
0.3831,3000.0,0.0,7.847599703514606e-05,1.0,0.5,random,0.01
0.4822,2000.0,1.0,1.8329807108324375e-05,2.0,0.25,random,0.00046415888336127773
0.251,1250.0,1.0,1.6237767391887209e-06,1.0,0.5,random,0.0001
0.261,2500.0,1.0,0.00615848211066026,1.0,0.0,random,2.1544346900318823e-05
0.1977,3000.0,1.0,0.00615848211066026,1.0,0.25,random,2.1544346900318823e-05
0.4855,500.0,1.0,7.847599703514606e-05,3.0,0.5,random,1e-05
0.4747,3500.0,1.0,6.951927961775606e-06,2.0,0.25,random,1e-05
0.241,3500.0,1.0,1e-06,1.0,0.25,random,0.01
0.1,1750.0,0.0,0.01,2.0,0.5,random,0.004641588833612777
0.397,1250.0,1.0,4.8329302385717524e-05,1.0,0.25,random,0.00046415888336127773
0.4591,3000.0,1.0,4.281332398719396e-06,3.0,0.5,random,0.0001
0.4875,2250.0,1.0,0.0008858667904100823,2.0,0.0,random,0.001
0.3766,4000.0,1.0,0.0005455594781168515,1.0,0.0,random,0.00046415888336127773
0.4463,750.0,1.0,6.951927961775606e-06,3.0,0.0,random,4.641588833612782e-05
0.2164,1750.0,1.0,0.003792690190732246,2.0,0.25,random,4.641588833612782e-05
0.4783,1750.0,1.0,1.1288378916846883e-05,2.0,0.25,random,1e-05
0.5032,3250.0,1.0,1.8329807108324375e-05,3.0,0.25,random,2.1544346900318823e-05
0.4045,500.0,0.0,0.00012742749857031334,1.0,0.0,random,0.00046415888336127773
0.4357,2500.0,0.0,7.847599703514606e-05,2.0,0.5,random,0.001
0.1,4000.0,0.0,0.01,3.0,0.25,random,4.641588833612782e-05
0.3148,2750.0,0.0,2.6366508987303555e-06,1.0,0.0,random,0.001
0.4998,2250.0,0.0,1.8329807108324375e-05,3.0,0.25,random,0.004641588833612777
0.1,1250.0,0.0,0.00615848211066026,3.0,0.0,random,1e-05
0.3591,3000.0,1.0,0.0005455594781168515,2.0,0.25,random,2.1544346900318823e-05
0.3882,3500.0,1.0,0.00012742749857031334,3.0,0.5,random,0.01
0.4634,1250.0,1.0,1.1288378916846883e-05,2.0,0.5,random,1e-05
0.1123,4000.0,1.0,0.01,2.0,0.5,random,0.004641588833612777
0.2458,1750.0,1.0,0.00615848211066026,1.0,0.0,random,0.0001
0.3745,2000.0,0.0,1e-06,3.0,0.0,random,0.00046415888336127773
0.3761,2000.0,1.0,1.1288378916846883e-05,1.0,0.0,random,2.1544346900318823e-05
0.5151,2750.0,1.0,0.00020691380811147902,2.0,0.0,random,4.641588833612782e-05
0.5089,1000.0,0.0,7.847599703514606e-05,2.0,0.0,random,0.001
0.5058,2250.0,1.0,0.00012742749857031334,3.0,0.25,random,4.641588833612782e-05
0.3972,2000.0,1.0,7.847599703514606e-05,1.0,0.25,random,0.001
0.1609,4000.0,0.0,0.002335721469090121,1.0,0.5,random,1e-05
0.2849,3750.0,1.0,1.6237767391887209e-06,1.0,0.0,random,0.0001
0.3838,2500.0,1.0,1.8329807108324375e-05,1.0,0.25,random,0.002154434690031882
0.3713,1250.0,1.0,1.1288378916846883e-05,1.0,0.25,random,0.00021544346900318823
0.3554,750.0,1.0,6.951927961775606e-06,1.0,0.25,random,0.00046415888336127773
0.5094,1250.0,0.0,0.00020691380811147902,2.0,0.0,random,0.01
0.4441,1500.0,1.0,4.281332398719396e-06,2.0,0.5,random,0.0001
0.2849,1500.0,0.0,1.6237767391887209e-06,1.0,0.0,random,0.01
0.1,2750.0,0.0,0.00615848211066026,3.0,0.0,random,4.641588833612782e-05
0.2831,1750.0,0.0,2.6366508987303555e-06,1.0,0.5,random,2.1544346900318823e-05
0.335,750.0,1.0,0.002335721469090121,1.0,0.0,random,2.1544346900318823e-05
0.4456,2750.0,0.0,2.6366508987303555e-06,3.0,0.25,random,0.00021544346900318823
0.1762,3500.0,1.0,0.002335721469090121,3.0,0.5,random,0.0001
0.3857,2750.0,1.0,1.8329807108324375e-05,1.0,0.0,random,1e-05
0.1329,4000.0,0.0,0.00615848211066026,1.0,0.25,random,1e-05
0.3468,1750.0,0.0,0.0003359818286283781,1.0,0.5,random,0.001
0.4879,4000.0,1.0,0.002335721469090121,3.0,0.0,random,0.002154434690031882
0.3987,3750.0,0.0,4.8329302385717524e-05,1.0,0.0,random,0.0001
0.4005,3500.0,0.0,1e-06,3.0,0.0,random,0.004641588833612777
0.3282,1000.0,1.0,0.002335721469090121,1.0,0.0,random,0.004641588833612777
0.453,2500.0,1.0,4.281332398719396e-06,2.0,0.5,random,0.002154434690031882
0.4035,4000.0,0.0,1e-06,2.0,0.5,random,0.004641588833612777
0.2865,3750.0,0.0,0.00020691380811147902,2.0,0.25,random,0.002154434690031882
0.5224,2750.0,0.0,0.00012742749857031334,2.0,0.0,random,2.1544346900318823e-05
0.125,1500.0,1.0,0.002335721469090121,3.0,0.5,random,1e-05
0.4054,1250.0,0.0,2.9763514416313192e-05,3.0,0.5,random,2.1544346900318823e-05
0.5106,2250.0,1.0,7.847599703514606e-05,3.0,0.25,random,0.002154434690031882
0.3265,500.0,0.0,1e-06,3.0,0.5,random,0.0001
0.5261,3750.0,1.0,2.9763514416313192e-05,3.0,0.0,random,1e-05
0.5205,3500.0,1.0,7.847599703514606e-05,3.0,0.25,random,0.004641588833612777
0.3108,2750.0,1.0,4.281332398719396e-06,1.0,0.5,random,0.01
0.2973,750.0,0.0,0.002335721469090121,1.0,0.0,random,0.001
0.3077,2750.0,1.0,2.6366508987303555e-06,1.0,0.25,random,0.00046415888336127773
0.251,1500.0,1.0,1.6237767391887209e-06,1.0,0.5,random,0.004641588833612777
0.1,500.0,0.0,0.003792690190732246,2.0,0.0,random,0.00021544346900318823
0.4758,1750.0,1.0,1.1288378916846883e-05,2.0,0.5,random,0.001
0.4794,1500.0,0.0,0.00020691380811147902,3.0,0.0,random,2.1544346900318823e-05
0.2374,2000.0,1.0,0.003792690190732246,2.0,0.25,random,2.1544346900318823e-05
0.1,2500.0,0.0,0.002335721469090121,2.0,0.5,random,0.00021544346900318823
0.4962,3750.0,1.0,0.0014384498882876629,2.0,0.0,random,0.002154434690031882
0.4996,2000.0,1.0,2.9763514416313192e-05,3.0,0.5,random,0.00021544346900318823
0.1558,1750.0,0.0,0.01,1.0,0.0,random,0.001
0.5074,2500.0,1.0,1.8329807108324375e-05,3.0,0.25,random,0.002154434690031882
0.3746,2500.0,1.0,0.0005455594781168515,1.0,0.0,random,0.002154434690031882
0.4937,3250.0,0.0,0.00020691380811147902,3.0,0.0,random,0.0001
0.1,750.0,0.0,0.00615848211066026,3.0,0.5,random,0.00046415888336127773
0.5177,4000.0,1.0,0.00012742749857031334,2.0,0.0,random,0.00021544346900318823
0.3077,3750.0,1.0,2.6366508987303555e-06,1.0,0.25,random,4.641588833612782e-05
0.4232,3750.0,1.0,1.6237767391887209e-06,2.0,0.5,random,0.001
0.4997,2500.0,0.0,1.8329807108324375e-05,2.0,0.0,random,0.002154434690031882
0.3495,1000.0,1.0,1e-06,3.0,0.25,random,0.0001
0.4816,3000.0,0.0,4.8329302385717524e-05,3.0,0.0,random,2.1544346900318823e-05
0.4904,2250.0,0.0,1.1288378916846883e-05,3.0,0.0,random,0.00046415888336127773
0.1,3000.0,0.0,0.00615848211066026,2.0,0.25,random,0.01
0.3547,3000.0,0.0,6.951927961775606e-06,1.0,0.25,random,0.002154434690031882
0.5198,2750.0,1.0,0.00012742749857031334,3.0,0.25,random,1e-05
0.1265,1750.0,0.0,0.003792690190732246,1.0,0.5,random,4.641588833612782e-05
0.1214,1000.0,0.0,0.0003359818286283781,2.0,0.5,random,0.00046415888336127773
0.2757,2750.0,1.0,0.0008858667904100823,2.0,0.5,random,0.01
0.3138,1500.0,1.0,0.0005455594781168515,1.0,0.5,random,0.01
0.3785,750.0,0.0,0.0003359818286283781,1.0,0.25,random,4.641588833612782e-05
0.251,3500.0,1.0,1.6237767391887209e-06,1.0,0.5,random,0.00021544346900318823
0.2944,750.0,1.0,0.003792690190732246,1.0,0.0,random,4.641588833612782e-05
0.391,1750.0,1.0,4.8329302385717524e-05,1.0,0.5,random,1e-05
0.529,1250.0,1.0,7.847599703514606e-05,3.0,0.0,random,2.1544346900318823e-05
0.1,1000.0,0.0,0.0005455594781168515,3.0,0.5,random,4.641588833612782e-05
0.2849,1000.0,0.0,1.6237767391887209e-06,1.0,0.0,random,0.002154434690031882
0.3953,1000.0,1.0,2.9763514416313192e-05,1.0,0.25,random,4.641588833612782e-05
0.4546,3000.0,0.0,2.9763514416313192e-05,3.0,0.25,random,2.1544346900318823e-05
0.2889,1250.0,1.0,0.002335721469090121,1.0,0.25,random,2.1544346900318823e-05
0.4936,3500.0,0.0,1.8329807108324375e-05,3.0,0.25,random,0.00021544346900318823
0.4803,2500.0,1.0,0.00615848211066026,3.0,0.0,random,2.1544346900318823e-05
0.2511,2250.0,0.0,1.6237767391887209e-06,1.0,0.5,random,1e-05
0.3148,750.0,0.0,2.6366508987303555e-06,1.0,0.0,random,0.004641588833612777
0.2831,3750.0,0.0,2.6366508987303555e-06,1.0,0.5,random,0.01
0.4027,2500.0,0.0,0.0003359818286283781,2.0,0.0,random,0.002154434690031882
0.4525,4000.0,1.0,4.281332398719396e-06,2.0,0.5,random,1e-05
0.4709,2250.0,0.0,0.0003359818286283781,2.0,0.0,random,4.641588833612782e-05
0.3349,2000.0,0.0,0.0003359818286283781,1.0,0.5,random,0.0001
0.4987,3250.0,0.0,1.8329807108324375e-05,3.0,0.0,random,0.0001
0.1,3000.0,0.0,0.01,3.0,0.25,random,1e-05
0.2834,3000.0,1.0,2.6366508987303555e-06,1.0,0.5,random,0.00021544346900318823
0.4801,2500.0,1.0,0.00615848211066026,3.0,0.0,random,4.641588833612782e-05
0.481,500.0,0.0,0.00020691380811147902,2.0,0.25,random,0.01
0.3768,1250.0,0.0,1e-06,2.0,0.0,random,0.00046415888336127773
0.4482,2250.0,1.0,0.00020691380811147902,2.0,0.25,random,4.641588833612782e-05
0.3144,2750.0,1.0,0.0008858667904100823,1.0,0.5,random,2.1544346900318823e-05
0.4827,1000.0,1.0,2.9763514416313192e-05,2.0,0.5,random,0.01
0.4523,1250.0,1.0,6.951927961775606e-06,3.0,0.25,random,0.0001
0.3997,3250.0,1.0,4.8329302385717524e-05,1.0,0.0,random,0.001
0.4717,2250.0,1.0,0.00615848211066026,2.0,0.0,random,0.00046415888336127773
0.1,1250.0,0.0,0.00615848211066026,3.0,0.25,random,1e-05
0.1,1250.0,0.0,0.003792690190732246,2.0,0.0,random,2.1544346900318823e-05
0.1,4000.0,0.0,0.00615848211066026,3.0,0.5,random,0.0001
0.3863,500.0,0.0,1.8329807108324375e-05,1.0,0.0,random,0.004641588833612777
0.3954,500.0,1.0,2.6366508987303555e-06,2.0,0.0,random,2.1544346900318823e-05
0.1024,3500.0,1.0,0.003792690190732246,3.0,0.25,random,1e-05
0.2668,3000.0,1.0,0.0008858667904100823,2.0,0.5,random,0.01
0.1,1000.0,0.0,0.003792690190732246,3.0,0.5,random,2.1544346900318823e-05
0.4747,2500.0,0.0,6.951927961775606e-06,2.0,0.25,random,4.641588833612782e-05
0.4213,3000.0,1.0,0.01,2.0,0.0,random,0.00021544346900318823
0.4813,4000.0,1.0,6.951927961775606e-06,3.0,0.5,random,0.002154434690031882
0.4577,2750.0,1.0,4.281332398719396e-06,3.0,0.5,random,0.01
0.51,1000.0,0.0,4.8329302385717524e-05,3.0,0.25,random,0.01
0.2629,1750.0,1.0,0.0014384498882876629,1.0,0.5,random,0.01
0.48,3500.0,0.0,0.00020691380811147902,2.0,0.0,random,0.002154434690031882
0.1,1250.0,0.0,0.0014384498882876629,2.0,0.0,random,1e-05
0.4277,750.0,1.0,0.0008858667904100823,2.0,0.0,random,4.641588833612782e-05
0.4218,3000.0,1.0,1.6237767391887209e-06,3.0,0.25,random,0.00046415888336127773
0.4018,1500.0,0.0,1.6237767391887209e-06,2.0,0.25,random,0.002154434690031882
0.4076,4000.0,1.0,1e-06,3.0,0.0,random,0.00046415888336127773
0.5037,3250.0,1.0,1.8329807108324375e-05,2.0,0.0,random,0.0001
0.4046,1000.0,0.0,2.6366508987303555e-06,3.0,0.5,random,4.641588833612782e-05
0.4158,1000.0,1.0,2.6366508987303555e-06,2.0,0.5,random,4.641588833612782e-05
0.4903,3750.0,0.0,1.1288378916846883e-05,2.0,0.25,random,0.002154434690031882
0.5169,3250.0,1.0,1.8329807108324375e-05,3.0,0.0,random,0.01
0.4797,4000.0,1.0,0.00615848211066026,2.0,0.0,random,4.641588833612782e-05
0.4383,2500.0,0.0,2.6366508987303555e-06,3.0,0.5,random,0.002154434690031882
0.4986,3500.0,0.0,1.1288378916846883e-05,3.0,0.25,random,0.001
0.4751,4000.0,0.0,2.9763514416313192e-05,2.0,0.0,random,0.00021544346900318823
0.4993,3500.0,1.0,2.9763514416313192e-05,3.0,0.5,random,4.641588833612782e-05
0.3616,1750.0,1.0,0.00020691380811147902,3.0,0.5,random,0.004641588833612777
0.241,3000.0,1.0,1e-06,1.0,0.25,random,0.001
0.12,1000.0,0.0,0.01,1.0,0.25,random,4.641588833612782e-05
0.5213,3250.0,1.0,7.847599703514606e-05,2.0,0.0,random,0.004641588833612777
0.4723,750.0,0.0,1.8329807108324375e-05,2.0,0.0,random,2.1544346900318823e-05
0.1322,3250.0,1.0,0.003792690190732246,3.0,0.25,random,4.641588833612782e-05
0.4123,2250.0,1.0,1.6237767391887209e-06,3.0,0.5,random,4.641588833612782e-05
0.2424,3250.0,0.0,0.0014384498882876629,1.0,0.5,random,0.002154434690031882
0.2417,1500.0,1.0,0.00615848211066026,1.0,0.25,random,0.00021544346900318823
0.1,3750.0,0.0,0.00615848211066026,3.0,0.0,random,0.002154434690031882
0.3967,3000.0,0.0,0.00020691380811147902,1.0,0.0,random,2.1544346900318823e-05
0.3389,2000.0,1.0,6.951927961775606e-06,1.0,0.5,random,0.001
0.4092,2000.0,0.0,1.6237767391887209e-06,3.0,0.5,random,0.004641588833612777
0.4469,1750.0,0.0,4.281332398719396e-06,2.0,0.5,random,0.002154434690031882
0.1066,3000.0,0.0,0.00615848211066026,1.0,0.5,random,4.641588833612782e-05
0.4489,3500.0,1.0,2.6366508987303555e-06,3.0,0.25,random,4.641588833612782e-05
0.1,1250.0,0.0,0.00615848211066026,2.0,0.25,random,0.001
0.2204,2250.0,0.0,1e-06,1.0,0.5,random,0.004641588833612777
0.1786,1250.0,1.0,0.00615848211066026,1.0,0.25,random,0.002154434690031882
0.3862,1000.0,0.0,1.6237767391887209e-06,2.0,0.0,random,4.641588833612782e-05
0.1,1000.0,0.0,0.0014384498882876629,2.0,0.25,random,0.004641588833612777
0.273,500.0,0.0,1.6237767391887209e-06,1.0,0.25,random,0.01
0.4042,1750.0,1.0,1.6237767391887209e-06,2.0,0.0,random,4.641588833612782e-05
0.4152,3000.0,1.0,1.6237767391887209e-06,2.0,0.0,random,0.004641588833612777
0.1562,2500.0,0.0,0.00020691380811147902,3.0,0.25,random,1e-05
0.4169,2500.0,0.0,1.6237767391887209e-06,2.0,0.5,random,0.001
0.3862,3750.0,0.0,1.8329807108324375e-05,1.0,0.0,random,2.1544346900318823e-05
0.1002,3500.0,0.0,0.00020691380811147902,2.0,0.5,random,0.00021544346900318823
0.5283,1750.0,1.0,7.847599703514606e-05,3.0,0.0,random,2.1544346900318823e-05
0.3346,2750.0,1.0,0.002335721469090121,1.0,0.0,random,0.002154434690031882
0.3837,2750.0,1.0,1.8329807108324375e-05,1.0,0.25,random,0.00021544346900318823
0.1763,1500.0,1.0,0.01,2.0,0.25,random,0.0001
0.4999,750.0,1.0,2.9763514416313192e-05,3.0,0.0,random,0.001
0.4802,1750.0,0.0,1.1288378916846883e-05,2.0,0.0,random,4.641588833612782e-05
0.4718,750.0,1.0,1.8329807108324375e-05,2.0,0.25,random,4.641588833612782e-05
0.4325,750.0,1.0,0.0008858667904100823,2.0,0.0,random,1e-05
0.5283,1000.0,1.0,0.0003359818286283781,3.0,0.0,random,0.00021544346900318823
0.3388,4000.0,0.0,6.951927961775606e-06,1.0,0.5,random,4.641588833612782e-05
0.3468,1750.0,0.0,0.0005455594781168515,3.0,0.0,random,0.01
0.3567,1500.0,0.0,0.0005455594781168515,1.0,0.25,random,0.004641588833612777
0.3875,1750.0,1.0,1e-06,2.0,0.25,random,0.01
0.1567,2500.0,1.0,0.0005455594781168515,3.0,0.5,random,0.002154434690031882
0.3752,750.0,1.0,0.0005455594781168515,1.0,0.0,random,4.641588833612782e-05
0.38,1500.0,0.0,1e-06,2.0,0.5,random,0.0001
0.3506,500.0,1.0,1.6237767391887209e-06,3.0,0.5,random,2.1544346900318823e-05
0.241,2750.0,1.0,1e-06,1.0,0.25,random,1e-05
0.509,750.0,1.0,7.847599703514606e-05,3.0,0.25,random,4.641588833612782e-05
0.5334,1250.0,1.0,0.00020691380811147902,3.0,0.0,random,0.00021544346900318823
0.476,2250.0,0.0,1.1288378916846883e-05,2.0,0.5,random,0.004641588833612777
0.3602,3250.0,1.0,6.951927961775606e-06,1.0,0.0,random,4.641588833612782e-05
0.3342,2000.0,1.0,4.281332398719396e-06,1.0,0.25,random,0.01
0.1003,1250.0,0.0,0.0003359818286283781,2.0,0.5,random,0.002154434690031882
0.344,2000.0,1.0,4.281332398719396e-06,1.0,0.0,random,0.00046415888336127773
0.1,1000.0,0.0,0.00615848211066026,2.0,0.25,random,1e-05
0.5217,2000.0,0.0,4.8329302385717524e-05,3.0,0.25,random,2.1544346900318823e-05
0.3827,2250.0,0.0,2.9763514416313192e-05,1.0,0.5,random,0.001
0.5095,750.0,1.0,4.8329302385717524e-05,3.0,0.0,random,0.00046415888336127773
0.1,3750.0,0.0,0.0014384498882876629,2.0,0.5,random,0.01
0.1,4000.0,0.0,0.0014384498882876629,2.0,0.0,random,0.002154434690031882
0.4206,1250.0,0.0,2.6366508987303555e-06,2.0,0.0,random,2.1544346900318823e-05
0.3931,2250.0,1.0,2.9763514416313192e-05,1.0,0.0,random,0.00046415888336127773
0.1,750.0,0.0,0.002335721469090121,3.0,0.25,random,2.1544346900318823e-05
0.3383,750.0,0.0,1e-06,2.0,0.5,random,0.002154434690031882
0.1,2750.0,0.0,0.0003359818286283781,2.0,0.5,random,1e-05
0.1471,3750.0,0.0,0.00012742749857031334,3.0,0.5,random,0.01
0.4913,1000.0,1.0,0.00012742749857031334,2.0,0.25,random,0.001
0.1479,2000.0,1.0,0.01,3.0,0.5,random,1e-05
0.5019,3000.0,1.0,0.00012742749857031334,2.0,0.0,random,0.002154434690031882
0.4031,2000.0,0.0,1.6237767391887209e-06,3.0,0.0,random,1e-05
0.3774,4000.0,0.0,1.1288378916846883e-05,1.0,0.0,random,0.00021544346900318823
0.5139,1750.0,0.0,2.9763514416313192e-05,3.0,0.25,random,4.641588833612782e-05
0.3841,3000.0,1.0,2.9763514416313192e-05,1.0,0.5,random,0.01
0.4071,2750.0,0.0,0.00020691380811147902,3.0,0.0,random,0.001
0.1,3250.0,0.0,0.0008858667904100823,2.0,0.0,random,4.641588833612782e-05
0.1,1000.0,0.0,0.01,3.0,0.25,random,0.002154434690031882
0.1853,3500.0,1.0,0.0014384498882876629,2.0,0.5,random,1e-05
0.4694,2500.0,1.0,0.0005455594781168515,2.0,0.0,random,0.002154434690031882
0.3342,1000.0,1.0,4.281332398719396e-06,1.0,0.25,random,0.0001
0.3911,2250.0,0.0,1e-06,2.0,0.0,random,1e-05
0.323,4000.0,1.0,0.0003359818286283781,3.0,0.25,random,0.0001
0.4971,3000.0,1.0,1.8329807108324375e-05,2.0,0.0,random,2.1544346900318823e-05
0.4869,2750.0,1.0,0.0003359818286283781,3.0,0.0,random,0.004641588833612777
0.3602,2000.0,1.0,6.951927961775606e-06,1.0,0.0,random,1e-05
0.265,2500.0,1.0,0.0008858667904100823,2.0,0.5,random,0.001
0.431,3500.0,0.0,0.00012742749857031334,3.0,0.25,random,0.00021544346900318823
0.397,2000.0,1.0,4.8329302385717524e-05,1.0,0.25,random,4.641588833612782e-05
0.4449,750.0,1.0,6.951927961775606e-06,3.0,0.25,random,4.641588833612782e-05
0.3863,2750.0,0.0,1.8329807108324375e-05,1.0,0.0,random,0.004641588833612777
0.4384,2500.0,1.0,2.6366508987303555e-06,3.0,0.5,random,0.01
0.4393,4000.0,0.0,2.6366508987303555e-06,2.0,0.5,random,0.01
0.3775,2750.0,0.0,0.0005455594781168515,1.0,0.0,random,0.01
0.4922,2000.0,0.0,1.1288378916846883e-05,3.0,0.0,random,4.641588833612782e-05
0.3827,2500.0,0.0,2.9763514416313192e-05,1.0,0.5,random,1e-05
0.3935,1250.0,0.0,2.9763514416313192e-05,1.0,0.0,random,4.641588833612782e-05
0.501,2750.0,1.0,0.002335721469090121,2.0,0.0,random,0.002154434690031882
0.3907,500.0,1.0,0.00020691380811147902,1.0,0.25,random,0.01
0.3601,500.0,1.0,1.1288378916846883e-05,1.0,0.5,random,0.0001
0.4468,1250.0,1.0,6.951927961775606e-06,3.0,0.5,random,4.641588833612782e-05
0.3968,500.0,0.0,4.8329302385717524e-05,1.0,0.25,random,0.004641588833612777
0.5285,3000.0,1.0,2.9763514416313192e-05,3.0,0.0,random,0.01
0.1,750.0,0.0,0.0014384498882876629,3.0,0.5,random,2.1544346900318823e-05
0.3736,3750.0,1.0,1.8329807108324375e-05,1.0,0.5,random,1e-05
0.2952,2000.0,1.0,0.0014384498882876629,1.0,0.5,random,0.00046415888336127773
0.4116,2000.0,1.0,0.00012742749857031334,2.0,0.5,random,4.641588833612782e-05
0.2165,3500.0,1.0,0.002335721469090121,2.0,0.25,random,0.0001
0.2666,1500.0,0.0,0.0005455594781168515,2.0,0.0,random,2.1544346900318823e-05
0.4542,2000.0,1.0,4.281332398719396e-06,3.0,0.0,random,4.641588833612782e-05
0.4617,750.0,1.0,0.00615848211066026,3.0,0.0,random,4.641588833612782e-05
0.5155,4000.0,1.0,7.847599703514606e-05,3.0,0.25,random,0.0001
0.525,750.0,1.0,0.0003359818286283781,3.0,0.0,random,2.1544346900318823e-05
0.4379,1347.0,1.0,4.047016715852687e-06,2.0,0.0,bayes,2.8648458231175177e-05
0.4028,3002.0,0.0,1.1069008364189067e-06,3.0,0.25,bayes,0.002104110042685302
0.4732,3056.0,1.0,7.54416420238871e-06,3.0,0.5,bayes,0.000269367128380597
0.4496,3717.0,0.0,2.754154546363752e-06,2.0,0.25,bayes,0.0019186700007628153
0.4897,2010.0,0.0,1.4864935941181372e-05,2.0,0.25,bayes,1.077061359105825e-05
0.3195,2301.0,1.0,0.00040704927083894284,3.0,0.25,bayes,0.002567572401863179
0.5128,1266.0,1.0,9.470321582195481e-05,2.0,0.0,bayes,0.0008977092075020098
0.1,939.0,0.0,0.0010888621985588238,3.0,0.0,bayes,0.0004352031170347609
0.1642,2882.0,1.0,0.0034251299282584877,2.0,0.5,bayes,0.0004705439927110283
0.5206,3091.0,1.0,4.2196421427912025e-05,3.0,0.25,bayes,0.0007925416142991364
0.3892,4000.0,0.0,6.606216975050878e-05,1.0,0.5,bayes,0.01
0.3934,500.0,1.0,2.9682552149551888e-05,1.0,0.0,bayes,1e-05
0.513,675.0,1.0,7.716601741624035e-05,3.0,0.0,bayes,0.00035762340811868577
0.5019,500.0,1.0,5.3066632407538293e-05,3.0,0.0,bayes,0.002196587854151913
0.4824,3580.0,0.0,1.4635661390933379e-05,2.0,0.25,bayes,0.00020004912066069386
0.488,4000.0,1.0,7.098044509439298e-05,3.0,0.5,bayes,1e-05
0.4862,500.0,1.0,4.166909390073364e-05,2.0,0.0,bayes,0.01
0.482,500.0,0.0,2.4032807778933135e-05,3.0,0.0,bayes,0.01
0.2204,1118.0,0.0,1e-06,1.0,0.5,bayes,0.000130311238676855
0.4396,4000.0,1.0,7.056346375693431e-05,2.0,0.5,bayes,5.4746653344936346e-05
0.4229,500.0,0.0,6.035947141505929e-06,3.0,0.25,bayes,1e-05
0.5284,1976.0,1.0,6.099105435232407e-05,3.0,0.0,bayes,0.0014009310676414521
0.4272,1554.0,0.0,7.22588614576784e-05,3.0,0.5,bayes,0.01
0.5209,4000.0,1.0,2.8987273351067746e-05,3.0,0.0,bayes,1e-05
0.4976,4000.0,0.0,9.219856413715383e-06,3.0,0.0,bayes,2.7547924392409175e-05
0.5325,3150.0,1.0,5.248463058571962e-05,3.0,0.0,bayes,0.01
0.4493,4000.0,1.0,2.1968878903443735e-06,3.0,0.0,bayes,1.3783924214352195e-05
0.3895,500.0,1.0,0.000237144054215882,1.0,0.0,bayes,0.01
0.4359,4000.0,0.0,0.00010984379935939996,3.0,0.0,bayes,1e-05
0.5085,2700.0,0.0,3.108847296382506e-05,2.0,0.0,bayes,1e-05
0.5352,2433.0,1.0,6.569757723263611e-05,3.0,0.0,bayes,1e-05
0.4978,500.0,0.0,6.50860658523149e-05,2.0,0.0,bayes,1.273061313471649e-05
0.4807,4000.0,1.0,9.747437293957911e-06,2.0,0.0,bayes,1e-05
0.5329,2452.0,1.0,6.810608397364943e-05,3.0,0.0,bayes,1e-05
0.5305,2438.0,1.0,6.698316685776248e-05,3.0,0.0,bayes,2.5118971730442208e-05
0.5193,2340.0,1.0,6.606389526197265e-05,3.0,0.0,bayes,1e-05
0.5364,2612.0,1.0,6.150339524207195e-05,3.0,0.0,bayes,0.01
0.5282,2662.0,1.0,6.088930318523267e-05,3.0,0.0,bayes,0.01
0.5163,2496.0,1.0,1.8986418429281445e-05,3.0,0.0,bayes,0.01
0.4826,2969.0,0.0,2.70258896725165e-05,3.0,0.0,bayes,3.471198083509228e-05
0.3684,4000.0,0.0,8.432763928968779e-06,1.0,0.0,bayes,0.01
0.5246,2595.0,1.0,6.155687217653403e-05,3.0,0.0,bayes,0.01
0.5334,2556.0,1.0,6.0182174779274516e-05,3.0,0.0,bayes,1e-05
0.1599,4000.0,0.0,0.01,1.0,0.0,bayes,8.502332742574165e-05
0.5288,2534.0,1.0,5.9869070366256115e-05,3.0,0.0,bayes,1e-05
0.5282,2497.0,1.0,5.942857491555225e-05,3.0,0.0,bayes,2.430232713918003e-05
0.5287,2584.0,1.0,6.38566753801275e-05,3.0,0.0,bayes,0.01
0.5254,2560.0,1.0,6.377143031734247e-05,3.0,0.0,bayes,1e-05
0.5301,2542.0,1.0,6.357578208384833e-05,3.0,0.0,bayes,0.01
0.5192,2540.0,1.0,6.435262339930047e-05,3.0,0.0,bayes,0.01
0.5365,2519.0,1.0,6.031506434892201e-05,3.0,0.0,bayes,1e-05
0.5369,2477.0,1.0,5.832023532373462e-05,3.0,0.0,bayes,1e-05
0.5321,2433.0,1.0,5.653429135162772e-05,3.0,0.0,bayes,1e-05
0.5213,2424.0,1.0,5.658092323157527e-05,3.0,0.0,bayes,1e-05
0.5357,2519.0,1.0,5.934924157933602e-05,3.0,0.0,bayes,1e-05
0.5271,2501.0,1.0,5.865916718922138e-05,3.0,0.0,bayes,1e-05
0.538,2513.0,1.0,5.95763718057777e-05,3.0,0.0,bayes,1e-05
0.5291,2498.0,1.0,5.8790601783146783e-05,3.0,0.0,bayes,1e-05
0.5303,2503.0,1.0,5.940540217531534e-05,3.0,0.0,bayes,1e-05
0.5351,2503.0,1.0,5.978300594877544e-05,3.0,0.0,bayes,1e-05
0.5266,2491.0,1.0,5.946779549203976e-05,3.0,0.0,bayes,1e-05
0.5302,2504.0,1.0,6.008320147190737e-05,3.0,0.0,bayes,1e-05
0.5301,2504.0,1.0,6.036818432395818e-05,3.0,0.0,bayes,1e-05
0.5321,2504.0,1.0,6.0621910762124905e-05,3.0,0.0,bayes,1e-05
0.5336,2495.0,1.0,6.0493787242182635e-05,3.0,0.0,bayes,1e-05
0.5188,2490.0,1.0,6.047056386831908e-05,3.0,0.0,bayes,1e-05
0.5317,2515.0,1.0,6.017333412115633e-05,3.0,0.0,bayes,1e-05
0.5314,2512.0,1.0,6.0315756709812955e-05,3.0,0.0,bayes,1e-05
0.5383,2510.0,1.0,6.047082706661064e-05,3.0,0.0,bayes,1e-05
0.5298,2504.0,1.0,5.998542594619109e-05,3.0,0.0,bayes,1e-05
0.5385,2510.0,1.0,6.047185698126267e-05,3.0,0.0,bayes,1e-05
0.5342,2503.0,1.0,6.001569804255981e-05,3.0,0.0,bayes,1e-05
0.5389,2493.0,1.0,5.9707860349968944e-05,3.0,0.0,bayes,1e-05
0.5298,2479.0,1.0,5.896810620085861e-05,3.0,0.0,bayes,1e-05
0.5243,2483.0,1.0,5.93014956385012e-05,3.0,0.0,bayes,1e-05
0.5319,2504.0,1.0,6.0103550984767906e-05,3.0,0.0,bayes,1e-05
0.5339,2503.0,1.0,6.019883011603075e-05,3.0,0.0,bayes,1e-05
0.5319,2496.0,1.0,6.0002150766600585e-05,3.0,0.0,bayes,1e-05
0.5327,2499.0,1.0,6.029015823418299e-05,3.0,0.0,bayes,1e-05
0.5265,2494.0,1.0,6.016491137375026e-05,3.0,0.0,bayes,1e-05
0.5296,2500.0,1.0,6.0377018354068456e-05,3.0,0.0,bayes,1e-05
0.5283,2501.0,1.0,6.0523805389211055e-05,3.0,0.0,bayes,1e-05
0.5293,2503.0,1.0,6.064184922792981e-05,3.0,0.0,bayes,1e-05
0.5308,2509.0,1.0,6.092720609265185e-05,3.0,0.0,bayes,1e-05
0.5282,2504.0,1.0,6.084459366330543e-05,3.0,0.0,bayes,1e-05
0.5387,2510.0,1.0,6.105581642942724e-05,3.0,0.0,bayes,1e-05
0.5305,2507.0,1.0,6.092491585824525e-05,3.0,0.0,bayes,1e-05
0.5304,2507.0,1.0,6.101319585440951e-05,3.0,0.0,bayes,1e-05
0.5246,2508.0,1.0,6.109036688820736e-05,3.0,0.0,bayes,1e-05
0.5287,2505.0,1.0,6.085824065007596e-05,3.0,0.0,bayes,1e-05
0.5394,2510.0,1.0,6.107410249427948e-05,3.0,0.0,bayes,1e-05
0.5338,2512.0,1.0,6.111477176278469e-05,3.0,0.0,bayes,1e-05
0.5393,2510.0,1.0,6.111239508279715e-05,3.0,0.0,bayes,1e-05
0.5197,2511.0,1.0,6.115045913635308e-05,3.0,0.0,bayes,1e-05
0.5291,2507.0,1.0,6.057482994040194e-05,3.0,0.0,bayes,1e-05
0.5201,2508.0,1.0,6.068331630243248e-05,3.0,0.0,bayes,1e-05
0.5292,2506.0,1.0,6.0251718960363286e-05,3.0,0.0,bayes,1e-05
0.5309,2507.0,1.0,6.039971686502132e-05,3.0,0.0,bayes,1e-05
0.5289,2506.0,1.0,6.049696599422714e-05,3.0,0.0,bayes,1e-05
0.5335,2512.0,1.0,6.077646809008107e-05,3.0,0.0,bayes,1e-05
0.5211,2511.0,1.0,6.082285048824599e-05,3.0,0.0,bayes,1e-05
0.5414,2510.0,1.0,6.052939537628481e-05,3.0,0.0,bayes,1e-05
0.5309,2507.0,1.0,6.0086209430669306e-05,3.0,0.0,bayes,1e-05
0.5318,2507.0,1.0,6.019263996825072e-05,3.0,0.0,bayes,1e-05
0.5284,2506.0,1.0,6.0237397115677384e-05,3.0,0.0,bayes,1e-05
0.5296,2507.0,1.0,6.038433722996081e-05,3.0,0.0,bayes,1e-05
0.521,2508.0,1.0,6.049116684176507e-05,3.0,0.0,bayes,1e-05
0.5185,2511.0,1.0,6.040668628850556e-05,3.0,0.0,bayes,1e-05
0.5219,2516.0,1.0,6.022848897655603e-05,3.0,0.0,bayes,1e-05
0.5225,2517.0,1.0,6.0273734519187596e-05,3.0,0.0,bayes,1e-05
0.5368,2448.0,1.0,6.051057024685129e-05,3.0,0.0,bayes,1e-05
0.5313,2498.0,1.0,6.0086746968489396e-05,3.0,0.0,bayes,1e-05
0.5299,2498.0,1.0,6.0174311901092705e-05,3.0,0.0,bayes,1e-05
0.5338,2496.0,1.0,6.026493887207418e-05,3.0,0.0,bayes,1e-05
0.5297,2494.0,1.0,6.0287026162648085e-05,3.0,0.0,bayes,1e-05
0.5205,2511.0,1.0,6.038197417633173e-05,3.0,0.0,bayes,1.3261580361927975e-05
0.5343,2495.0,1.0,6.027731738260944e-05,3.0,0.0,bayes,1e-05
0.5198,2490.0,1.0,6.02106156747666e-05,3.0,0.0,bayes,1e-05
0.5286,2506.0,1.0,6.030693168966255e-05,3.0,0.0,bayes,1e-05
0.5301,2505.0,1.0,6.040173050064482e-05,3.0,0.0,bayes,1e-05
0.5305,2505.0,1.0,6.049838913307534e-05,3.0,0.0,bayes,1e-05
0.528,2504.0,1.0,6.0588986356363526e-05,3.0,0.0,bayes,1e-05
0.5286,2506.0,1.0,6.071486033444596e-05,3.0,0.0,bayes,1e-05
0.5288,2504.0,1.0,6.0756564240944006e-05,3.0,0.0,bayes,1e-05
0.5296,2505.0,1.0,6.087315830652762e-05,3.0,0.0,bayes,1e-05
0.5296,2505.0,1.0,6.0954740845496616e-05,3.0,0.0,bayes,1e-05
0.533,2502.0,1.0,6.098777645643824e-05,3.0,0.0,bayes,1e-05
0.5363,2502.0,1.0,6.110310751087557e-05,3.0,0.0,bayes,1e-05
0.5304,2504.0,1.0,6.127895771816937e-05,3.0,0.0,bayes,1e-05
0.5336,2502.0,1.0,6.133144773165398e-05,3.0,0.0,bayes,1e-05
0.5285,2504.0,1.0,6.156546234146649e-05,3.0,0.0,bayes,1e-05
0.5296,2501.0,1.0,6.150845792058437e-05,3.0,0.0,bayes,1e-05
0.5341,2503.0,1.0,6.16100304100294e-05,3.0,0.0,bayes,1e-05
0.5351,2503.0,1.0,6.183175850525374e-05,3.0,0.0,bayes,1e-05
0.5231,2508.0,1.0,6.220488647139682e-05,3.0,0.0,bayes,1e-05
0.5332,2500.0,1.0,6.151265427059735e-05,3.0,0.0,bayes,1e-05
0.5308,2498.0,1.0,6.166276142536255e-05,3.0,0.0,bayes,1e-05
0.5265,2501.0,1.0,6.182638843802281e-05,3.0,0.0,bayes,1e-05
0.5321,2498.0,1.0,6.161987216671932e-05,3.0,0.0,bayes,1e-05
0.5302,2499.0,1.0,6.179004702426998e-05,3.0,0.0,bayes,1e-05
0.5236,2483.0,1.0,6.315584423525908e-05,3.0,0.0,bayes,1e-05
0.525,2491.0,1.0,6.088603363655926e-05,3.0,0.0,bayes,1e-05
0.5275,2497.0,1.0,6.0929829052965295e-05,3.0,0.0,bayes,1e-05
0.532,2498.0,1.0,6.096008762751699e-05,3.0,0.0,bayes,1e-05
0.5271,2497.0,1.0,6.102248587118668e-05,3.0,0.0,bayes,1e-05
0.5371,2498.0,1.0,6.102636219287979e-05,3.0,0.0,bayes,1e-05
0.5332,2496.0,1.0,6.105655685363816e-05,3.0,0.0,bayes,1e-05
0.5325,2495.0,1.0,6.113057976052182e-05,3.0,0.0,bayes,1e-05
0.5378,2492.0,1.0,6.116619715627101e-05,3.0,0.0,bayes,1e-05
0.5244,2491.0,1.0,6.128599440959801e-05,3.0,0.0,bayes,1e-05
0.5368,2496.0,1.0,6.117736019146474e-05,3.0,0.0,bayes,1e-05
0.5239,2491.0,1.0,6.121413997015468e-05,3.0,0.0,bayes,1e-05
0.5312,2494.0,1.0,6.106027091186529e-05,3.0,0.0,bayes,1e-05
0.5249,2649.0,1.0,5.9811693158914646e-05,3.0,0.0,bayes,1e-05
0.53,2453.0,1.0,6.1134896924102e-05,3.0,0.0,bayes,1e-05
0.5303,2455.0,1.0,6.12381037784151e-05,3.0,0.0,bayes,1e-05
0.5395,2451.0,1.0,6.124474902170618e-05,3.0,0.0,bayes,1e-05
0.5327,2430.0,1.0,6.118585666792985e-05,3.0,0.0,bayes,1e-05
0.5377,2422.0,1.0,6.120458240004829e-05,3.0,0.0,bayes,1e-05
0.5291,2396.0,1.0,6.110584397861839e-05,3.0,0.0,bayes,1e-05
0.5306,2399.0,1.0,6.117872426987348e-05,3.0,0.0,bayes,1e-05
0.5314,2396.0,1.0,6.122285148367794e-05,3.0,0.0,bayes,1e-05
0.5238,2389.0,1.0,6.125206914975205e-05,3.0,0.0,bayes,1e-05
0.5352,2420.0,1.0,6.136078251384233e-05,3.0,0.0,bayes,1e-05
0.5302,2401.0,1.0,6.127357373384416e-05,3.0,0.0,bayes,1e-05
0.5359,2400.0,1.0,6.138613251004868e-05,3.0,0.0,bayes,1e-05
0.5264,2379.0,1.0,6.140124626414924e-05,3.0,0.0,bayes,1e-05
0.5356,2410.0,1.0,6.10791349109113e-05,3.0,0.0,bayes,1e-05
0.5309,2376.0,1.0,6.134577289827258e-05,3.0,0.0,bayes,1e-05
0.5369,2368.0,1.0,6.142108952179619e-05,3.0,0.0,bayes,1e-05
0.5305,2339.0,1.0,6.12528297635288e-05,3.0,0.0,bayes,1e-05
0.5241,2333.0,1.0,6.125424041136851e-05,3.0,0.0,bayes,1e-05
0.5322,2371.0,1.0,6.148753536356509e-05,3.0,0.0,bayes,1e-05
0.5267,2359.0,1.0,6.14756671066282e-05,3.0,0.0,bayes,1e-05
0.5352,2375.0,1.0,6.153830069775589e-05,3.0,0.0,bayes,1e-05
0.5236,2355.0,1.0,6.157282960101027e-05,3.0,0.0,bayes,1e-05
0.5308,2387.0,1.0,6.15817283224383e-05,3.0,0.0,bayes,1e-05
0.5263,2383.0,1.0,6.163644675088676e-05,3.0,0.0,bayes,1e-05
0.5334,2395.0,1.0,6.157841807029782e-05,3.0,0.0,bayes,1e-05
0.5263,2383.0,1.0,6.161820475879043e-05,3.0,0.0,bayes,1e-05
0.5256,2397.0,1.0,6.162857172036898e-05,3.0,0.0,bayes,1e-05
0.5344,2411.0,1.0,6.157047939582787e-05,3.0,0.0,bayes,1e-05
0.5309,2401.0,1.0,6.169034902093035e-05,3.0,0.0,bayes,1e-05
0.5322,2396.0,1.0,6.17151260503544e-05,3.0,0.0,bayes,1e-05
0.5329,2386.0,1.0,6.18324368504904e-05,3.0,0.0,bayes,1e-05
0.5299,2384.0,1.0,6.191795639327112e-05,3.0,0.0,bayes,1e-05
0.538,2356.0,1.0,6.23379230646089e-05,3.0,0.0,bayes,1e-05
0.533,2348.0,1.0,6.229064828561259e-05,3.0,0.0,bayes,1e-05
0.5274,2332.0,1.0,6.239126048429766e-05,3.0,0.0,bayes,1e-05
0.5324,2346.0,1.0,6.238105897094393e-05,3.0,0.0,bayes,1e-05
0.5441,3651.0,1.0,6.0296741308427675e-05,3.0,0.0,bayes,0.00020659718829978295
0.5314,4000.0,1.0,7.316103233828883e-05,3.0,0.0,bayes,1e-05
0.5338,3787.0,1.0,6.713703959736553e-05,3.0,0.0,bayes,1e-05
0.5383,3782.0,1.0,6.743750364467933e-05,3.0,0.0,bayes,1e-05
0.5285,4000.0,1.0,6.740449527322398e-05,3.0,0.0,bayes,1e-05
0.5362,3545.0,1.0,6.750457940536453e-05,3.0,0.0,bayes,1e-05
0.5355,3573.0,1.0,6.765078274513847e-05,3.0,0.0,bayes,1e-05
0.5285,3650.0,1.0,6.809031154130987e-05,3.0,0.0,bayes,1e-05
0.5332,3500.0,1.0,6.73606918397544e-05,3.0,0.0,bayes,1e-05
0.5424,3474.0,1.0,6.72189283761957e-05,3.0,0.0,bayes,1e-05
0.5415,3578.0,1.0,6.78695238447928e-05,3.0,0.0,bayes,1e-05
0.5352,3756.0,1.0,6.878756859387076e-05,3.0,0.0,bayes,1e-05
0.5286,3770.0,1.0,6.886715139246672e-05,3.0,0.0,bayes,1e-05
0.5367,3602.0,1.0,6.822234679577485e-05,3.0,0.0,bayes,1e-05
0.5336,3592.0,1.0,6.822190871740866e-05,3.0,0.0,bayes,1e-05
0.533,3584.0,1.0,6.818608136018522e-05,3.0,0.0,bayes,1e-05
0.5266,3571.0,1.0,6.81116895998651e-05,3.0,0.0,bayes,1e-05
0.5342,3536.0,1.0,6.76944540544726e-05,3.0,0.0,bayes,1e-05
0.5299,3538.0,1.0,6.77361079451627e-05,3.0,0.0,bayes,1e-05
0.5379,3486.0,1.0,6.7373954177528e-05,3.0,0.0,bayes,1e-05
0.5265,3505.0,1.0,6.756655208311078e-05,3.0,0.0,bayes,1e-05
0.5298,3469.0,1.0,6.716774457747467e-05,3.0,0.0,bayes,1e-05
0.5309,3453.0,1.0,6.703408153605476e-05,3.0,0.0,bayes,1e-05
0.5375,3458.0,1.0,6.706714014235139e-05,3.0,0.0,bayes,1e-05
0.5375,3458.0,1.0,6.710646394520622e-05,3.0,0.0,bayes,1e-05
0.5422,3472.0,1.0,6.724517003613056e-05,3.0,0.0,bayes,1e-05
0.537,3525.0,1.0,6.763139272911329e-05,3.0,0.0,bayes,1e-05
0.5315,3542.0,1.0,6.77784523612733e-05,3.0,0.0,bayes,1e-05
0.5388,3503.0,1.0,6.753547750825858e-05,3.0,0.0,bayes,1e-05
0.5267,3546.0,1.0,6.787492424897943e-05,3.0,0.0,bayes,1e-05
0.5356,3478.0,1.0,6.764433654421356e-05,3.0,0.0,bayes,1e-05
0.535,3489.0,1.0,6.747322272051032e-05,3.0,0.0,bayes,1e-05
0.5372,3491.0,1.0,6.753448822072719e-05,3.0,0.0,bayes,1e-05
0.5399,3523.0,1.0,6.780144538494402e-05,3.0,0.0,bayes,1e-05
0.5339,3495.0,1.0,6.739043410469019e-05,3.0,0.0,bayes,1e-05
0.5104,3518.0,1.0,6.79022597791283e-05,3.0,0.0,bayes,1e-05
0.538,3456.0,1.0,6.627084391309247e-05,3.0,0.0,bayes,1e-05
0.5377,3470.0,1.0,6.619143928794955e-05,3.0,0.0,bayes,1e-05
0.5271,3483.0,1.0,6.611674283884849e-05,3.0,0.0,bayes,1e-05
0.5354,3456.0,1.0,6.630148051714089e-05,3.0,0.0,bayes,1e-05
0.5277,3460.0,1.0,6.631002053328209e-05,3.0,0.0,bayes,1e-05
0.5336,3453.0,1.0,6.646342168895517e-05,3.0,0.0,bayes,1e-05
0.533,3453.0,1.0,6.649678041206134e-05,3.0,0.0,bayes,1e-05
0.5299,3438.0,1.0,6.644561337371741e-05,3.0,0.0,bayes,1e-05
0.5334,3442.0,1.0,6.654268940922174e-05,3.0,0.0,bayes,1e-05
0.5246,3441.0,1.0,6.657681018450115e-05,3.0,0.0,bayes,1e-05
0.5293,3412.0,1.0,6.637728022108296e-05,3.0,0.0,bayes,1e-05
0.5361,3415.0,1.0,6.644100457096094e-05,3.0,0.0,bayes,1e-05
0.5318,3409.0,1.0,6.641491172927573e-05,3.0,0.0,bayes,1e-05
0.5405,3417.0,1.0,6.651161377513646e-05,3.0,0.0,bayes,1e-05
0.5401,3418.0,1.0,6.646828704708349e-05,3.0,0.0,bayes,1e-05
0.5351,3439.0,1.0,6.656740109136039e-05,3.0,0.0,bayes,1e-05
0.5268,3441.0,1.0,6.660590566930168e-05,3.0,0.0,bayes,1e-05
0.5265,3428.0,1.0,6.653783860993974e-05,3.0,0.0,bayes,1e-05
0.5403,3417.0,1.0,6.645946206196539e-05,3.0,0.0,bayes,1e-05
0.5297,3428.0,1.0,6.647849955685683e-05,3.0,0.0,bayes,1e-05
0.5312,3421.0,1.0,6.647649418326288e-05,3.0,0.0,bayes,1e-05
0.54,3417.0,1.0,6.648866790928855e-05,3.0,0.0,bayes,1e-05
0.5292,3426.0,1.0,6.651920210588021e-05,3.0,0.0,bayes,1e-05
0.5287,3410.0,1.0,6.642769720124218e-05,3.0,0.0,bayes,1e-05
0.5322,3414.0,1.0,6.647792102312796e-05,3.0,0.0,bayes,1e-05
0.5262,3412.0,1.0,6.649856231991359e-05,3.0,0.0,bayes,1e-05
0.5286,3394.0,1.0,6.633342174923078e-05,3.0,0.0,bayes,1e-05
0.5377,3389.0,1.0,6.631012520079486e-05,3.0,0.0,bayes,1e-05
0.5275,3403.0,1.0,6.641974821178957e-05,3.0,0.0,bayes,1e-05
0.5285,2847.0,1.0,6.636060383586345e-05,3.0,0.0,bayes,1e-05
0.529,3421.0,1.0,6.60015327539875e-05,3.0,0.0,bayes,1e-05
0.5297,3400.0,1.0,6.599774618833487e-05,3.0,0.0,bayes,1e-05
0.5361,3405.0,1.0,6.613325524058256e-05,3.0,0.0,bayes,1e-05
0.5347,3442.0,1.0,6.613568971676927e-05,3.0,0.0,bayes,1e-05
0.5345,3402.0,1.0,6.60629780110641e-05,3.0,0.0,bayes,1e-05
0.533,3404.0,1.0,6.608053978393419e-05,3.0,0.0,bayes,1e-05
0.534,3404.0,1.0,6.611316226306234e-05,3.0,0.0,bayes,1e-05
0.5286,3422.0,1.0,6.618949915121968e-05,3.0,0.0,bayes,1e-05
0.5313,3407.0,1.0,6.625828335025605e-05,3.0,0.0,bayes,1e-05
0.5342,3405.0,1.0,6.629115599356638e-05,3.0,0.0,bayes,1e-05
0.5392,3406.0,1.0,6.631624101010598e-05,3.0,0.0,bayes,1e-05
0.5368,3415.0,1.0,6.632040998705792e-05,3.0,0.0,bayes,1e-05
0.5287,3420.0,1.0,6.633383560433988e-05,3.0,0.0,bayes,1e-05
0.5263,3412.0,1.0,6.634138165650458e-05,3.0,0.0,bayes,1e-05
0.5332,3404.0,1.0,6.630930824205699e-05,3.0,0.0,bayes,1e-05
0.5316,3392.0,1.0,6.624953251616708e-05,3.0,0.0,bayes,1e-05
0.5346,3390.0,1.0,6.627322589180455e-05,3.0,0.0,bayes,1e-05
0.5354,3391.0,1.0,6.630564113086522e-05,3.0,0.0,bayes,1e-05
0.5323,3405.0,1.0,6.642182474484527e-05,3.0,0.0,bayes,1e-05
0.5383,3393.0,1.0,6.636061315314774e-05,3.0,0.0,bayes,1e-05
0.5272,3408.0,1.0,6.647609081630159e-05,3.0,0.0,bayes,1e-05
0.5333,3402.0,1.0,6.641755960672311e-05,3.0,0.0,bayes,1e-05
0.535,3391.0,1.0,6.636307661170332e-05,3.0,0.0,bayes,1e-05
0.5321,3392.0,1.0,6.639849007918163e-05,3.0,0.0,bayes,1e-05
0.5313,3404.0,1.0,6.651137451071258e-05,3.0,0.0,bayes,1e-05
0.5103,3401.0,1.0,6.650429784524117e-05,3.0,0.0,bayes,1e-05
0.535,3371.0,1.0,6.562878185015439e-05,3.0,0.0,bayes,1e-05
0.5336,3374.0,1.0,6.562013253576298e-05,3.0,0.0,bayes,1e-05
0.5346,3374.0,1.0,6.563755274475864e-05,3.0,0.0,bayes,1e-05
0.5309,3364.0,1.0,6.548025531381259e-05,3.0,0.0,bayes,1e-05
0.5342,3383.0,1.0,6.57837369896317e-05,3.0,0.0,bayes,1e-05
0.5308,3385.0,1.0,6.579478951468433e-05,3.0,0.0,bayes,1e-05
0.5286,3372.0,1.0,6.577517977749873e-05,3.0,0.0,bayes,1e-05
0.5233,3377.0,1.0,6.590593918768779e-05,3.0,0.0,bayes,1e-05
0.5298,3358.0,1.0,6.582343016335877e-05,3.0,0.0,bayes,1e-05
0.5339,3355.0,1.0,6.585847193714628e-05,3.0,0.0,bayes,1e-05
0.5342,3366.0,1.0,6.595977507833488e-05,3.0,0.0,bayes,1e-05
0.5357,3367.0,1.0,6.598363449749738e-05,3.0,0.0,bayes,1e-05
0.529,3360.0,1.0,6.592648240817086e-05,3.0,0.0,bayes,1e-05
0.5274,3358.0,1.0,6.621338194968508e-05,3.0,0.0,bayes,1e-05
0.5318,3355.0,1.0,6.588484492873487e-05,3.0,0.0,bayes,1e-05
0.5344,3364.0,1.0,6.599172571849211e-05,3.0,0.0,bayes,1e-05
0.5363,3365.0,1.0,6.602106331885199e-05,3.0,0.0,bayes,1e-05
0.5316,3359.0,1.0,6.595994147261572e-05,3.0,0.0,bayes,1e-05
0.5423,3357.0,1.0,6.598670197582607e-05,3.0,0.0,bayes,1e-05
0.5393,3362.0,1.0,6.593002969369968e-05,3.0,0.0,bayes,1e-05
0.5254,3376.0,1.0,6.597441693995817e-05,3.0,0.0,bayes,1e-05
0.5384,3370.0,1.0,6.597100826303134e-05,3.0,0.0,bayes,1e-05
0.5355,3374.0,1.0,6.595168662354583e-05,3.0,0.0,bayes,1e-05
0.535,3367.0,1.0,6.588799871497007e-05,3.0,0.0,bayes,1e-05
0.5421,3368.0,1.0,6.589978156900797e-05,3.0,0.0,bayes,1e-05
0.5363,3375.0,1.0,6.579448485385847e-05,3.0,0.0,bayes,1e-05
0.5458,3378.0,1.0,6.577122661719286e-05,3.0,0.0,bayes,1e-05
0.5309,3422.0,1.0,6.569299592563795e-05,3.0,0.0,bayes,1e-05
0.5354,3395.0,1.0,6.562766661893749e-05,3.0,0.0,bayes,1e-05
0.5296,3420.0,1.0,6.574709264653392e-05,3.0,0.0,bayes,1e-05
0.5355,3391.0,1.0,6.569645713758549e-05,3.0,0.0,bayes,1e-05
0.5308,3394.0,1.0,6.56733138242339e-05,3.0,0.0,bayes,1e-05
0.5425,3413.0,1.0,6.589344638693714e-05,3.0,0.0,bayes,1e-05
0.5327,3429.0,1.0,6.568433320502385e-05,3.0,0.0,bayes,1e-05
0.5331,3427.0,1.0,6.573017940639544e-05,3.0,0.0,bayes,1e-05
0.531,3426.0,1.0,6.575684715592074e-05,3.0,0.0,bayes,1e-05
0.5441,3399.0,1.0,6.568361000878636e-05,3.0,0.0,bayes,1e-05
0.5294,3437.0,1.0,6.552029921028639e-05,3.0,0.0,bayes,1e-05
0.5345,3405.0,1.0,6.553241884152725e-05,3.0,0.0,bayes,1e-05
0.5359,3429.0,1.0,6.56673143294586e-05,3.0,0.0,bayes,1e-05
0.5356,3434.0,1.0,6.561052891751117e-05,3.0,0.0,bayes,1e-05
0.5341,3439.0,1.0,6.555686804859762e-05,3.0,0.0,bayes,1e-05
0.5334,3419.0,1.0,6.541161092892328e-05,3.0,0.0,bayes,1e-05
0.5305,3419.0,1.0,6.543363743000821e-05,3.0,0.0,bayes,1e-05
0.5276,3435.0,1.0,6.56943187807844e-05,3.0,0.0,bayes,1e-05
0.5313,3419.0,1.0,6.57397030889528e-05,3.0,0.0,bayes,1e-05
0.5372,3396.0,1.0,6.57604155172289e-05,3.0,0.0,bayes,1e-05
0.5361,3423.0,1.0,6.586128880950508e-05,3.0,0.0,bayes,1e-05
0.5342,3427.0,1.0,6.582697089141395e-05,3.0,0.0,bayes,1e-05
0.539,3406.0,1.0,6.568122066862405e-05,3.0,0.0,bayes,1e-05
0.5428,3413.0,1.0,6.556537792446706e-05,3.0,0.0,bayes,1e-05
0.5291,3431.0,1.0,6.525064946945393e-05,3.0,0.0,bayes,1e-05
0.5284,3420.0,1.0,6.545350215443487e-05,3.0,0.0,bayes,1e-05
0.5271,3410.0,1.0,6.562379743453422e-05,3.0,0.0,bayes,1e-05
0.5109,3401.0,1.0,6.57563049573235e-05,3.0,0.0,bayes,1e-05
0.5339,3380.0,1.0,6.565097010321215e-05,3.0,0.0,bayes,1e-05
0.5343,3380.0,1.0,6.566701204801056e-05,3.0,0.0,bayes,1e-05
0.504,3401.0,1.0,6.584412663816672e-05,3.0,0.0,bayes,1e-05
0.5291,3382.0,1.0,6.527731560399142e-05,3.0,0.0,bayes,1e-05
0.523,3377.0,1.0,6.539546410055195e-05,3.0,0.0,bayes,1e-05
0.5301,3345.0,1.0,6.534425431592454e-05,3.0,0.0,bayes,1e-05
0.526,3344.0,1.0,6.541002570110434e-05,3.0,0.0,bayes,1e-05
0.5343,3363.0,1.0,6.5500360718857e-05,3.0,0.0,bayes,1e-05
0.5309,3364.0,1.0,6.565057510862137e-05,3.0,0.0,bayes,1e-05
0.5394,3362.0,1.0,6.569299723377496e-05,3.0,0.0,bayes,1e-05
0.5354,3366.0,1.0,6.565239245446696e-05,3.0,0.0,bayes,1e-05
0.5413,3346.0,1.0,6.54897740532341e-05,3.0,0.0,bayes,1e-05
0.5357,3370.0,1.0,6.554554664773745e-05,3.0,0.0,bayes,1e-05
0.5274,3372.0,1.0,6.553677291624937e-05,3.0,0.0,bayes,1e-05
0.5302,3345.0,1.0,6.543301258072742e-05,3.0,0.0,bayes,1e-05
0.5289,3345.0,1.0,6.523530827072098e-05,3.0,0.0,bayes,1e-05
0.5316,3342.0,1.0,6.557064829442059e-05,3.0,0.0,bayes,1e-05
0.5318,3341.0,1.0,6.560511774138114e-05,3.0,0.0,bayes,1e-05
0.5328,3341.0,1.0,6.563752918101579e-05,3.0,0.0,bayes,1e-05
0.5345,3363.0,1.0,6.584482885065833e-05,3.0,0.0,bayes,1e-05
0.5329,3363.0,1.0,6.587621452836655e-05,3.0,0.0,bayes,1e-05
0.533,3363.0,1.0,6.59070639836134e-05,3.0,0.0,bayes,1e-05
0.5373,3362.0,1.0,6.593875289621676e-05,3.0,0.0,bayes,1e-05
0.5339,3363.0,1.0,6.597406448439203e-05,3.0,0.0,bayes,1e-05
0.5283,3340.0,1.0,6.583271403116817e-05,3.0,0.0,bayes,1e-05
0.5299,3364.0,1.0,6.599156168265801e-05,3.0,0.0,bayes,1e-05
0.5327,3363.0,1.0,6.599220996350391e-05,3.0,0.0,bayes,1e-05
0.537,3362.0,1.0,6.60218742043347e-05,3.0,0.0,bayes,1e-05
0.528,3340.0,1.0,6.589304004840662e-05,3.0,0.0,bayes,1e-05
0.5353,3364.0,1.0,6.603649223983215e-05,3.0,0.0,bayes,1e-05
0.5272,3344.0,1.0,6.585752630294035e-05,3.0,0.0,bayes,1e-05
0.5352,3342.0,1.0,6.586971607242041e-05,3.0,0.0,bayes,1e-05
0.5317,3364.0,1.0,6.608547281173451e-05,3.0,0.0,bayes,1e-05
0.534,3364.0,1.0,6.610209613465004e-05,3.0,0.0,bayes,1e-05
0.534,3341.0,1.0,6.596816291375717e-05,3.0,0.0,bayes,1e-05
0.5308,3340.0,1.0,6.600725225082935e-05,3.0,0.0,bayes,1e-05
0.5331,3363.0,1.0,6.618472858491275e-05,3.0,0.0,bayes,1e-05
0.5284,3340.0,1.0,6.604066061585088e-05,3.0,0.0,bayes,1e-05
0.5311,3342.0,1.0,6.599431825494177e-05,3.0,0.0,bayes,1e-05
0.5372,3365.0,1.0,6.617504197484303e-05,3.0,0.0,bayes,1e-05
0.5382,3365.0,1.0,6.624471401239208e-05,3.0,0.0,bayes,1e-05
0.5383,3365.0,1.0,6.633351015150294e-05,3.0,0.0,bayes,1e-05
0.5377,3365.0,1.0,6.644406895573449e-05,3.0,0.0,bayes,1e-05
0.5369,3364.0,1.0,6.656728598672101e-05,3.0,0.0,bayes,1e-05
0.5376,3362.0,1.0,6.670529513114361e-05,3.0,0.0,bayes,1e-05
0.5298,3360.0,1.0,6.688867131181929e-05,3.0,0.0,bayes,1e-05
0.5308,3338.0,1.0,6.658985014450842e-05,3.0,0.0,bayes,1e-05
0.5286,3340.0,1.0,6.654547327714025e-05,3.0,0.0,bayes,1e-05
0.5358,3343.0,1.0,6.64209047795081e-05,3.0,0.0,bayes,1e-05
0.5358,3341.0,1.0,6.652177097455485e-05,3.0,0.0,bayes,1e-05
0.5322,3363.0,1.0,6.681278102925436e-05,3.0,0.0,bayes,1e-05
0.5383,3362.0,1.0,6.682649655112972e-05,3.0,0.0,bayes,1e-05
0.5311,3359.0,1.0,6.705830795415054e-05,3.0,0.0,bayes,1e-05
0.5318,3360.0,1.0,6.699383409212537e-05,3.0,0.0,bayes,1e-05
0.5318,3360.0,1.0,6.697609062212512e-05,3.0,0.0,bayes,1e-05
0.5349,3337.0,1.0,6.677183815450878e-05,3.0,0.0,bayes,1e-05
0.5349,3335.0,1.0,6.688451954501426e-05,3.0,0.0,bayes,1e-05
0.5342,3356.0,1.0,6.720919083114859e-05,3.0,0.0,bayes,1e-05
0.5363,3354.0,1.0,6.730961662980432e-05,3.0,0.0,bayes,1e-05
0.5299,3350.0,1.0,6.755879251396233e-05,3.0,0.0,bayes,1e-05
0.5313,3355.0,1.0,6.737414637758808e-05,3.0,0.0,bayes,1e-05
0.5302,3331.0,1.0,6.71142437499201e-05,3.0,0.0,bayes,1e-05
0.5301,3359.0,1.0,6.718718970942613e-05,3.0,0.0,bayes,1e-05
0.5318,3361.0,1.0,6.70688215839871e-05,3.0,0.0,bayes,1e-05
0.5318,3361.0,1.0,6.705085206202477e-05,3.0,0.0,bayes,1e-05
0.5316,3338.0,1.0,6.684769252063591e-05,3.0,0.0,bayes,1e-05
0.5328,3363.0,1.0,6.701035811015745e-05,3.0,0.0,bayes,1e-05
0.5394,3339.0,1.0,6.68529298995012e-05,3.0,0.0,bayes,1e-05
0.529,3331.0,1.0,6.711907519445439e-05,3.0,0.0,bayes,1e-05
0.53,3361.0,1.0,6.711861494316577e-05,3.0,0.0,bayes,1e-05
0.5377,3339.0,1.0,6.682355028395751e-05,3.0,0.0,bayes,1e-05
0.5345,3334.0,1.0,6.70224954440719e-05,3.0,0.0,bayes,1e-05
0.5352,3332.0,1.0,6.713066327732325e-05,3.0,0.0,bayes,1e-05
0.5307,3353.0,1.0,6.747774809123243e-05,3.0,0.0,bayes,1e-05
0.5332,3355.0,1.0,6.737362267075242e-05,3.0,0.0,bayes,1e-05
0.5376,3330.0,1.0,6.723699889000067e-05,3.0,0.0,bayes,1e-05
0.5343,3323.0,1.0,6.752517242713256e-05,3.0,0.0,bayes,1e-05
0.5334,3320.0,1.0,6.767114607906753e-05,3.0,0.0,bayes,1e-05
0.5349,3318.0,1.0,6.775001810646638e-05,3.0,0.0,bayes,1e-05
0.5314,3313.0,1.0,6.795559619234649e-05,3.0,0.0,bayes,1e-05
0.5304,3316.0,1.0,6.787241480418917e-05,3.0,0.0,bayes,1e-05
0.5423,3346.0,1.0,6.790254783416393e-05,3.0,0.0,bayes,1e-05
0.5388,3305.0,1.0,6.843166004478762e-05,3.0,0.0,bayes,1e-05
0.5344,3289.0,1.0,6.912160703268716e-05,3.0,0.0,bayes,1e-05
0.5379,3283.0,1.0,6.942610350415124e-05,3.0,0.0,bayes,1e-05
0.5495,3294.0,1.0,7.05591695673887e-05,3.0,0.0,bayes,1e-05
0.5184,3212.0,1.0,7.368644789345006e-05,3.0,0.0,bayes,1e-05
0.5382,3295.0,1.0,6.887374721388448e-05,3.0,0.0,bayes,1e-05
0.5373,3393.0,1.0,7.041694476076746e-05,3.0,0.0,bayes,1e-05
0.5318,3391.0,1.0,7.126911472798838e-05,3.0,0.0,bayes,1e-05
0.5333,3392.0,1.0,7.117624430381195e-05,3.0,0.0,bayes,1e-05
0.5265,3400.0,1.0,7.137387657779155e-05,3.0,0.0,bayes,1e-05
0.5374,3395.0,1.0,7.021107719388546e-05,3.0,0.0,bayes,1e-05
0.5342,3277.0,1.0,7.002966551662933e-05,3.0,0.0,bayes,1e-05
0.5287,3272.0,1.0,7.031120730225193e-05,3.0,0.0,bayes,1e-05
0.531,3284.0,1.0,6.975068611166496e-05,3.0,0.0,bayes,1e-05
0.5339,3402.0,1.0,7.046217507540004e-05,3.0,0.0,bayes,1e-05
0.5269,3403.0,1.0,7.070056039502112e-05,3.0,0.0,bayes,1e-05
0.5447,3294.0,1.0,6.899438745608964e-05,3.0,0.0,bayes,1e-05
0.5356,3389.0,1.0,7.129837182388575e-05,3.0,0.0,bayes,1e-05
0.5451,3378.0,1.0,7.163526863164248e-05,3.0,0.0,bayes,1e-05
0.5237,3246.0,1.0,7.285990078189732e-05,3.0,0.0,bayes,1e-05
0.5348,3278.0,1.0,7.084195226337243e-05,3.0,0.0,bayes,1e-05
0.5311,3272.0,1.0,7.121935084498555e-05,3.0,0.0,bayes,1e-05
0.5376,3398.0,1.0,7.203425836864128e-05,3.0,0.0,bayes,1e-05
0.5418,3399.0,1.0,7.30361755934271e-05,3.0,0.0,bayes,1e-05
0.5329,3271.0,1.0,7.389832891234295e-05,3.0,0.0,bayes,1e-05
0.5293,3409.0,1.0,7.538580814916338e-05,3.0,0.0,bayes,1e-05
0.5342,3270.0,1.0,7.329538445726768e-05,3.0,0.0,bayes,1e-05
0.5126,3401.0,1.0,7.493709152659002e-05,3.0,0.0,bayes,1e-05
0.5317,3392.0,1.0,6.990344362408271e-05,3.0,0.0,bayes,1e-05
0.5359,3393.0,1.0,6.985164067663896e-05,3.0,0.0,bayes,1e-05
0.539,3393.0,1.0,7.012970215521061e-05,3.0,0.0,bayes,1e-05
0.5376,3279.0,1.0,6.985485800576518e-05,3.0,0.0,bayes,1e-05
0.5329,3261.0,1.0,6.899958811285584e-05,3.0,0.0,bayes,1e-05
0.5372,3383.0,1.0,7.119232168053749e-05,3.0,0.0,bayes,1e-05
0.542,3264.0,1.0,7.084255001166178e-05,3.0,0.0,bayes,1e-05
0.5332,3360.0,1.0,7.284199335136247e-05,3.0,0.0,bayes,1e-05
0.525,3238.0,1.0,7.200275836717782e-05,3.0,0.0,bayes,1e-05
0.542,3263.0,1.0,7.096147371668628e-05,3.0,0.0,bayes,1e-05
0.5254,3238.0,1.0,7.196100882358573e-05,3.0,0.0,bayes,1e-05
0.545,3260.0,1.0,7.104030611566888e-05,3.0,0.0,bayes,1e-05
0.5316,3228.0,1.0,7.228581083485117e-05,3.0,0.0,bayes,1e-05
0.5413,3230.0,1.0,7.218951332511699e-05,3.0,0.0,bayes,1e-05
0.537,3332.0,1.0,7.44318031092589e-05,3.0,0.0,bayes,1e-05
0.5369,3330.0,1.0,7.538082992801973e-05,3.0,0.0,bayes,1e-05
0.5335,3197.0,1.0,7.507743765691612e-05,3.0,0.0,bayes,1e-05
0.5354,3332.0,1.0,7.658129537717967e-05,3.0,0.0,bayes,1e-05
0.5336,3194.0,1.0,7.597328577385534e-05,3.0,0.0,bayes,1e-05
0.5375,3332.0,1.0,7.758439132372308e-05,3.0,0.0,bayes,1e-05
0.5373,3192.0,1.0,7.740664177693582e-05,3.0,0.0,bayes,1e-05
0.5335,3182.0,1.0,7.846074092967989e-05,3.0,0.0,bayes,1e-05
0.5361,3332.0,1.0,8.02910389818134e-05,3.0,0.0,bayes,1e-05
0.5341,3342.0,1.0,8.141361735112858e-05,3.0,0.0,bayes,1e-05
0.5399,3191.0,1.0,8.012342984513497e-05,3.0,0.0,bayes,1e-05
0.5277,3331.0,1.0,8.340268391306932e-05,3.0,0.0,bayes,1e-05
0.5415,3324.0,1.0,8.190778619231863e-05,3.0,0.0,bayes,1e-05
0.5281,3184.0,1.0,8.245152984921018e-05,3.0,0.0,bayes,1e-05
0.5402,3192.0,1.0,8.121672099212088e-05,3.0,0.0,bayes,1e-05
0.5312,3182.0,1.0,8.268047086515468e-05,3.0,0.0,bayes,1e-05
0.5369,3186.0,1.0,8.222809329200406e-05,3.0,0.0,bayes,1e-05
0.5302,3182.0,1.0,8.298986900538606e-05,3.0,0.0,bayes,1e-05
0.5433,3264.0,1.0,8.562488475208197e-05,3.0,0.0,bayes,1e-05
0.5337,3387.0,1.0,8.752232319563359e-05,3.0,0.0,bayes,1e-05
0.5357,3391.0,1.0,8.764455560618159e-05,3.0,0.0,bayes,1e-05
0.5337,3416.0,1.0,8.862129389089951e-05,3.0,0.0,bayes,1e-05
0.5388,3365.0,1.0,8.878060723977462e-05,3.0,0.0,bayes,1e-05
0.531,3271.0,1.0,8.794612106994906e-05,3.0,0.0,bayes,1e-05
0.54,3458.0,1.0,8.975913340676324e-05,3.0,0.0,bayes,1e-05
0.5365,3564.0,1.0,9.266844077638706e-05,3.0,0.0,bayes,1e-05
0.5144,3683.0,1.0,9.372585469699028e-05,2.0,0.0,bayes,1e-05
0.5267,3071.0,1.0,8.736353062236572e-05,3.0,0.0,bayes,1e-05
0.4007,4000.0,1.0,1e-06,2.0,0.0,bayes,2.0186998303663032e-05
0.5334,3104.0,1.0,8.576216110737948e-05,3.0,0.0,bayes,1e-05
0.5325,3109.0,1.0,8.572067120301277e-05,3.0,0.0,bayes,1e-05
0.4438,4000.0,1.0,0.01,3.0,0.0,bayes,0.004425151889456405
0.1218,500.0,1.0,0.01,3.0,0.5,bayes,1e-05
0.5322,4000.0,1.0,0.0001276071703630646,3.0,0.0,bayes,1e-05
0.5401,3168.0,1.0,8.82919372084799e-05,3.0,0.0,bayes,1e-05
0.5273,3160.0,1.0,8.96153238034314e-05,3.0,0.0,bayes,1e-05
0.5362,3170.0,1.0,8.797315272299632e-05,3.0,0.0,bayes,1e-05
0.5374,3169.0,1.0,8.839371556116282e-05,3.0,0.0,bayes,1e-05
0.5258,3166.0,1.0,8.901475337914557e-05,3.0,0.0,bayes,1e-05
0.5336,3174.0,1.0,8.736861050529251e-05,3.0,0.0,bayes,1e-05
0.5335,3174.0,1.0,8.731134372845166e-05,3.0,0.0,bayes,1e-05
0.5381,3171.0,1.0,8.71644791457462e-05,3.0,0.0,bayes,1e-05
0.5343,3173.0,1.0,8.781908418334703e-05,3.0,0.0,bayes,1e-05
0.5354,3173.0,1.0,8.788649447695434e-05,3.0,0.0,bayes,1e-05
0.5405,3046.0,1.0,8.674619108322646e-05,3.0,0.0,bayes,1e-05
0.5287,3149.0,1.0,8.882784485303227e-05,3.0,0.0,bayes,1e-05
0.5354,3159.0,1.0,8.809304229995655e-05,3.0,0.0,bayes,1e-05
0.5341,3155.0,1.0,8.818750173869043e-05,3.0,0.0,bayes,1e-05
0.5326,3155.0,1.0,8.819729386773484e-05,3.0,0.0,bayes,1e-05
0.5342,3157.0,1.0,8.797984935210047e-05,3.0,0.0,bayes,1e-05
0.5315,3157.0,1.0,8.801793117516515e-05,3.0,0.0,bayes,1e-05
0.5319,4000.0,1.0,0.00011825942645614916,3.0,0.0,bayes,1e-05
0.5356,3177.0,1.0,8.811380271602278e-05,3.0,0.0,bayes,1e-05
0.5337,3176.0,1.0,8.8271820500106e-05,3.0,0.0,bayes,1e-05
0.5329,3176.0,1.0,8.82307334270696e-05,3.0,0.0,bayes,1e-05
0.5417,3168.0,1.0,8.553532757455346e-05,3.0,0.0,bayes,1e-05
0.5356,3169.0,1.0,8.855486457626391e-05,3.0,0.0,bayes,1e-05
0.5356,3167.0,1.0,8.87169364990188e-05,3.0,0.0,bayes,1e-05
0.5344,3142.0,1.0,9.121305495082363e-05,3.0,0.0,bayes,1e-05
0.528,4000.0,1.0,0.00011589952182976994,3.0,0.0,bayes,1e-05
0.5385,3103.0,1.0,8.759196710999656e-05,3.0,0.0,bayes,1e-05
0.5448,3095.0,1.0,8.791978055191376e-05,3.0,0.0,bayes,1e-05
0.5333,3072.0,1.0,8.875054093556907e-05,3.0,0.0,bayes,1e-05
0.5252,3074.0,1.0,8.866098827369036e-05,3.0,0.0,bayes,1e-05
0.539,3097.0,1.0,8.790189705510878e-05,3.0,0.0,bayes,1e-05
0.5449,3791.0,1.0,0.00010446386599208034,3.0,0.0,bayes,1e-05
0.5246,3214.0,1.0,9.092042090715764e-05,3.0,0.0,bayes,1e-05
0.5351,3222.0,1.0,8.996392759613916e-05,3.0,0.0,bayes,1e-05
0.5385,3219.0,1.0,8.997574058899611e-05,3.0,0.0,bayes,1e-05
0.5353,3220.0,1.0,9.032877670078421e-05,3.0,0.0,bayes,1e-05
0.531,4000.0,1.0,0.00011260241608578494,3.0,0.0,bayes,1e-05
0.5227,3185.0,1.0,8.975367171993069e-05,3.0,0.0,bayes,1e-05
0.5394,3199.0,1.0,8.891233662596508e-05,3.0,0.0,bayes,1e-05
0.5325,3194.0,1.0,8.921621557970366e-05,3.0,0.0,bayes,1e-05
0.5419,3196.0,1.0,8.909671343637701e-05,3.0,0.0,bayes,1e-05
0.534,3190.0,1.0,8.955143389724788e-05,3.0,0.0,bayes,1e-05
0.5347,3190.0,1.0,8.952485453884202e-05,3.0,0.0,bayes,1e-05
0.534,3190.0,1.0,8.954096154076613e-05,3.0,0.0,bayes,1e-05
0.5339,3190.0,1.0,8.951642337985551e-05,3.0,0.0,bayes,1e-05
0.5358,3191.0,1.0,8.948468638769382e-05,3.0,0.0,bayes,1e-05
0.5332,3190.0,1.0,8.956156518812924e-05,3.0,0.0,bayes,1e-05
0.5405,3191.0,1.0,8.948812954907563e-05,3.0,0.0,bayes,1e-05
0.5353,3187.0,1.0,8.984601427928474e-05,3.0,0.0,bayes,1e-05
0.5284,4000.0,1.0,0.00011080877230870729,3.0,0.0,bayes,1e-05
0.5368,3129.0,1.0,8.897207299093338e-05,3.0,0.0,bayes,1e-05
0.5427,3125.0,1.0,8.909455700558053e-05,3.0,0.0,bayes,1e-05
0.5337,3112.0,1.0,8.954807672884065e-05,3.0,0.0,bayes,1e-05
0.5368,3113.0,1.0,8.94985678848455e-05,3.0,0.0,bayes,1e-05
0.5365,3109.0,1.0,8.963745723397241e-05,3.0,0.0,bayes,1e-05
0.5279,3106.0,1.0,8.975945522188659e-05,3.0,0.0,bayes,1e-05
0.5336,3126.0,1.0,8.942815847523677e-05,3.0,0.0,bayes,1e-05
0.5465,3119.0,1.0,8.932237443081117e-05,3.0,0.0,bayes,1e-05
0.5384,3101.0,1.0,8.99353585532842e-05,3.0,0.0,bayes,1e-05
0.5292,3099.0,1.0,9.028997559513707e-05,3.0,0.0,bayes,1e-05
0.5273,3104.0,1.0,8.982460145919866e-05,3.0,0.0,bayes,1e-05
0.5463,3221.0,1.0,9.419903805422605e-05,3.0,0.0,bayes,0.0002368931613508903
0.5455,3119.0,1.0,9.043428331764535e-05,3.0,0.0,bayes,1e-05
0.5307,3161.0,1.0,9.161746130540814e-05,3.0,0.0,bayes,0.01
0.54,3101.0,1.0,9.089518970312768e-05,3.0,0.0,bayes,1e-05
0.5209,3212.0,1.0,9.851747204910996e-05,3.0,0.0,bayes,0.008371120645089635
0.53,4000.0,1.0,7.950049510551183e-05,3.0,0.0,bayes,0.0013697638381398314
0.5274,3073.0,1.0,9.024871628940365e-05,3.0,0.0,bayes,1e-05
0.5333,3145.0,1.0,9.432115477074176e-05,3.0,0.0,bayes,1e-05
0.5357,3089.0,1.0,8.974558271646859e-05,3.0,0.0,bayes,1e-05
0.5358,3087.0,1.0,8.980041189117832e-05,3.0,0.0,bayes,1e-05
0.5441,3085.0,1.0,8.986636265306513e-05,3.0,0.0,bayes,1e-05
0.5413,3130.0,1.0,9.503645124435025e-05,3.0,0.0,bayes,1e-05
0.5346,3060.0,1.0,9.101941593295434e-05,3.0,0.0,bayes,1e-05
0.5316,3060.0,1.0,9.102783764175322e-05,3.0,0.0,bayes,1e-05
0.5318,3066.0,1.0,9.083741454373592e-05,3.0,0.0,bayes,1e-05
0.5236,3071.0,1.0,9.068652504964278e-05,3.0,0.0,bayes,1e-05
0.5374,3091.0,1.0,9.013177341977773e-05,3.0,0.0,bayes,1e-05
0.5325,3087.0,1.0,9.022499449980119e-05,3.0,0.0,bayes,1e-05
0.5315,3090.0,1.0,9.01385789835378e-05,3.0,0.0,bayes,1e-05
0.5283,3094.0,1.0,9.000827537585253e-05,3.0,0.0,bayes,1e-05
